filename,label
0.jpg,vFXrefL
1.jpg,Fmbw8gZ
2.jpg,e3XXoew
3.jpg,XUqzH
4.jpg,Rljwdjh
5.jpg,iUHfuY
6.jpg,D5AK
7.jpg,7S2o
8.jpg,AjpP
9.jpg,L2fh
10.jpg,jbrBCMTj
11.jpg,meguJT
12.jpg,uUExO
13.jpg,4eHA
14.jpg,qtZ06H2
15.jpg,Fvdt6ID
16.jpg,vRxbMC4
17.jpg,T84Za
18.jpg,80Iw0Jl
19.jpg,y1vc8
20.jpg,ZxKa0
21.jpg,9GTl
22.jpg,MpNyo
23.jpg,C63uwEt
24.jpg,JTEC
25.jpg,xBjfczeJ
26.jpg,hrEtiL3D
27.jpg,NdFJHP
28.jpg,tSbDy
29.jpg,hCm0kuvA
30.jpg,I3dKm
31.jpg,ijGA
32.jpg,KHngEH5m
33.jpg,TWyhNxw
34.jpg,eI3NCO
35.jpg,rgfj
36.jpg,C4WRM
37.jpg,jM0sI2f
38.jpg,ZvxHoK
39.jpg,kil60y
40.jpg,Uyt5EPKT
41.jpg,eZ8VJ
42.jpg,OFLSc8M
43.jpg,wgLfJFhD
44.jpg,Rxvs
45.jpg,OUAt0VM
46.jpg,81mq
47.jpg,sHw5aj2
48.jpg,6urBzuAt
49.jpg,shT7Fl
50.jpg,5o4j
51.jpg,mTqV
52.jpg,G1MdW
53.jpg,y32vt4e1
54.jpg,IeD0Qv
55.jpg,1CaU1mRH
56.jpg,Zaz5
57.jpg,Cjvb
58.jpg,XeisQby
59.jpg,ZqFFB
60.jpg,R2Hw
61.jpg,CD2cJKy
62.jpg,Rx0lp1
63.jpg,GDJW
64.jpg,iomQiuuR
65.jpg,Bcqd
66.jpg,7btq13kn
67.jpg,uAG8gD8o
68.jpg,EL6oBE
69.jpg,En4R8rG8
70.jpg,iTuE6S
71.jpg,vnutqa
72.jpg,O6CwftU
73.jpg,0dRN9
74.jpg,6WyD4
75.jpg,o3SMSW
76.jpg,vSJQv
77.jpg,4r35
78.jpg,Xcv5S
79.jpg,W91e
80.jpg,c4K9HsM
81.jpg,eHc0oqfR
82.jpg,b2PskaX
83.jpg,8qAl1R
84.jpg,zvwQs5C
85.jpg,bjzQQz
86.jpg,AUIfeC
87.jpg,ctIGVp
88.jpg,XAgePv
89.jpg,tpwoV5S
90.jpg,q3AP8nm
91.jpg,g5qSi
92.jpg,uQ5uOUK4
93.jpg,OvAc
94.jpg,McH1AZE
95.jpg,fR0LpM
96.jpg,Ero8
97.jpg,ngltPEQG
98.jpg,qFPe
99.jpg,3c811vV
100.jpg,F8Vl9lgh
101.jpg,ThFXDh3c
102.jpg,eI7Y
103.jpg,GBvNr8eu
104.jpg,N5Pmhx
105.jpg,tSVwSaS
106.jpg,OR4rxnb
107.jpg,HJTE
108.jpg,SUTp6
109.jpg,evIm
110.jpg,FQxENF
111.jpg,FQGqc
112.jpg,ChRH
113.jpg,0yhAb
114.jpg,1FZbWN
115.jpg,pkxd
116.jpg,f2n4Ib
117.jpg,HEyBc3
118.jpg,jaDcX5A
119.jpg,FSIh
120.jpg,B1u1
121.jpg,PjuWUXvT
122.jpg,AxWKlSD
123.jpg,Iye7Qu
124.jpg,JO0T
125.jpg,AvPZ
126.jpg,XDnq4uWU
127.jpg,QMuno
128.jpg,IKYYc
129.jpg,5ul2m
130.jpg,BUJT6pz
131.jpg,fchJ
132.jpg,dJAsPEX
133.jpg,8seWC
134.jpg,yKEA7A6
135.jpg,zVXtL
136.jpg,ShtkS
137.jpg,19vZQVMr
138.jpg,5gnZcJ
139.jpg,wUyMHw1
140.jpg,f5dSp2gd
141.jpg,vMhMZ
142.jpg,9XeGzu
143.jpg,S3NR8JS
144.jpg,qAu84si
145.jpg,qhEO19RY
146.jpg,TAIoBG6I
147.jpg,Ps7oh9
148.jpg,z6CYO8a6
149.jpg,nTC1l
150.jpg,NtbVAURU
151.jpg,dJsYLJa
152.jpg,LMXR1aCw
153.jpg,QeXPBKZ
154.jpg,j5sTV7w
155.jpg,XftG6OfJ
156.jpg,8h7ce7
157.jpg,dGyKc
158.jpg,bSSGcSh
159.jpg,yOQd
160.jpg,cLFqi
161.jpg,xYzj
162.jpg,gx0O
163.jpg,Q9taGd
164.jpg,hqwQU
165.jpg,RZGqF
166.jpg,9BM4VW
167.jpg,mKHabsw
168.jpg,Gw1GV
169.jpg,rqwgpln
170.jpg,pHe6Xt
171.jpg,knRDP
172.jpg,qbwwxd0N
173.jpg,W4kzL1
174.jpg,LhUE0zxF
175.jpg,XtzPX
176.jpg,JagbMND9
177.jpg,mcFTqi
178.jpg,qTbJTDf
179.jpg,wkKwq8
180.jpg,CIL1Rg2R
181.jpg,lhs3r
182.jpg,2MjolLjk
183.jpg,QUr87D
184.jpg,JxxZ
185.jpg,Y1swr
186.jpg,Poj4
187.jpg,npEx
188.jpg,jaNzsN
189.jpg,Am782NYe
190.jpg,BoKoB
191.jpg,iWWT
192.jpg,b1k4PE
193.jpg,9Tbc
194.jpg,01PLXl6
195.jpg,3eDX7
196.jpg,5GLYl
197.jpg,cxq8l
198.jpg,iBc3xm
199.jpg,WoZ2mc7e
200.jpg,XdaW
201.jpg,B95UJAX
202.jpg,WVbkbU2
203.jpg,Fp9KB
204.jpg,KGdbWCvv
205.jpg,gvgXHOxz
206.jpg,6hd3uQ1
207.jpg,8K3Jw
208.jpg,vB7j
209.jpg,ae8kvzGQ
210.jpg,XeSBfAoG
211.jpg,6pjL
212.jpg,J2fCen
213.jpg,eZkD
214.jpg,rh2cO
215.jpg,DzuLvu
216.jpg,y1pInWA
217.jpg,81HcIcoH
218.jpg,DZPIGj
219.jpg,GUVAj
220.jpg,qFK5l
221.jpg,9N1FrD4
222.jpg,VbVcB
223.jpg,rED16Hj
224.jpg,XVxhRy6
225.jpg,c8y0
226.jpg,gzVkA68v
227.jpg,CVTL
228.jpg,Enwnpqm
229.jpg,jpBwP7Z
230.jpg,4NnBku
231.jpg,BzhJcdma
232.jpg,vCslXuF
233.jpg,Z7GTx
234.jpg,GufW
235.jpg,C3r7x1Z
236.jpg,SQfhOAAa
237.jpg,drE0iB0
238.jpg,s6mCI
239.jpg,yiDFIn6
240.jpg,hpYSpa6U
241.jpg,QCJT
242.jpg,pskK
243.jpg,6jD5KVlT
244.jpg,DECMgOlD
245.jpg,A4QVDEBl
246.jpg,kCyvUS
247.jpg,PevXFwB1
248.jpg,wLqq
249.jpg,E96bLWSb
250.jpg,vwBtU
251.jpg,o7k4
252.jpg,uXBRTj
253.jpg,BeEB
254.jpg,yHmO9V
255.jpg,t4DSoVD4
256.jpg,22qK2f
257.jpg,CfUOPZR
258.jpg,qVRwL6T
259.jpg,1TWkS
260.jpg,tXA1IF
261.jpg,2XqVZY8k
262.jpg,HVBuOp2
263.jpg,Oxphs
264.jpg,JnfYNava
265.jpg,KMYQ4sq
266.jpg,eRUI
267.jpg,GFOCA
268.jpg,FAvBE6Xl
269.jpg,367BRs
270.jpg,137SuOm
271.jpg,NxBN
272.jpg,hjcAnRvr
273.jpg,WT59WOJ
274.jpg,NxM8aRxs
275.jpg,6y8BB
276.jpg,lljlCw
277.jpg,hg1Mhk1w
278.jpg,0xhAV9
279.jpg,crEqE21
280.jpg,v3hzmB
281.jpg,rqFqRgxm
282.jpg,FfXbVs
283.jpg,AMNxZSr
284.jpg,U8HiQN
285.jpg,nWFsa
286.jpg,MyrC
287.jpg,0V0MqH
288.jpg,Hf6hseT
289.jpg,V3PVJFb
290.jpg,XLwV
291.jpg,PNhd
292.jpg,D4tWLa
293.jpg,Gpeh3
294.jpg,9VIN
295.jpg,lmQSrnuk
296.jpg,4SHf4h9R
297.jpg,fFLYLQ
298.jpg,1P5Cq8ql
299.jpg,AE4P
300.jpg,VCTV7g
301.jpg,ayCwbH
302.jpg,VuSHg0
303.jpg,RID4BRgS
304.jpg,gAHQ6sYL
305.jpg,neGkys94
306.jpg,U1MBZpeU
307.jpg,eIn3z
308.jpg,ZPwJt
309.jpg,BzdAj2NX
310.jpg,UIuKm5
311.jpg,BUoEfS
312.jpg,H0uTZ
313.jpg,M8Br
314.jpg,zhYL0T
315.jpg,fK5iY
316.jpg,dmBS0q6
317.jpg,Ych2xjy
318.jpg,NqjQh1Ry
319.jpg,jj6ut
320.jpg,K31cn
321.jpg,dvDA1dQl
322.jpg,WgqZXI5
323.jpg,9RTznx
324.jpg,wfqgpOT
325.jpg,IIIb
326.jpg,Mczr
327.jpg,1ArR
328.jpg,DbDFl0
329.jpg,ke6LizK8
330.jpg,X4QgN
331.jpg,Bqsv05G
332.jpg,THPIo
333.jpg,uL3rJ8
334.jpg,squApWJk
335.jpg,cIB1SI
336.jpg,3XQo45J
337.jpg,1KmN0u5
338.jpg,ApVv
339.jpg,44qnWNu
340.jpg,jAMyAWZ
341.jpg,fUK9
342.jpg,rEKhqOdE
343.jpg,lPQuf
344.jpg,gHLB04N
345.jpg,HORP
346.jpg,d2mgGDc
347.jpg,3A2SNWyw
348.jpg,UxtRnY
349.jpg,8xG5CGL
350.jpg,Sh8vPd4
351.jpg,DCm4P
352.jpg,ePkRq2
353.jpg,BkSqBty
354.jpg,6hB0YmM
355.jpg,T1agl
356.jpg,3mORsL
357.jpg,jMHkA9
358.jpg,ibH14P
359.jpg,xj1I
360.jpg,KT5I
361.jpg,s6pXZuJf
362.jpg,cSrJHRTi
363.jpg,y21Jqa
364.jpg,iHyD8
365.jpg,PCczenn
366.jpg,4v79flJX
367.jpg,C2bGx
368.jpg,iUCg
369.jpg,sB9XLQ
370.jpg,sMhQC
371.jpg,C7886n
372.jpg,p40pt
373.jpg,V9bmJ3o
374.jpg,CG3HR3
375.jpg,b1QYDX
376.jpg,1gHMUrxS
377.jpg,LCGr
378.jpg,S30H8SR6
379.jpg,VNRFlICY
380.jpg,WxxNsZp
381.jpg,l7w6MO
382.jpg,uAsv
383.jpg,SreHL
384.jpg,JVAqrhA
385.jpg,9QujVn
386.jpg,79HHrhzx
387.jpg,Km2N
388.jpg,wbVLpRMu
389.jpg,VHPbdC
390.jpg,ZUC5R
391.jpg,It0ztE
392.jpg,cERAxEV
393.jpg,vnAbmDo
394.jpg,1COg
395.jpg,wVha1s
396.jpg,QmrsPa
397.jpg,SZR2
398.jpg,agn4bJOy
399.jpg,v5Xf1ve
400.jpg,gSCxI
401.jpg,35t6lC6
402.jpg,LQveiTP
403.jpg,pdRB0
404.jpg,ueiVPtaM
405.jpg,Ff86
406.jpg,kEAnLL
407.jpg,PfWv4X
408.jpg,PmdB1w
409.jpg,Ays1m
410.jpg,p2R76mk
411.jpg,EuDH
412.jpg,0wjVi9
413.jpg,8NjvyS
414.jpg,IhY3GB
415.jpg,UfezRQM
416.jpg,tqKjsr
417.jpg,35p5Jq
418.jpg,pBxaN
419.jpg,dQtX
420.jpg,WOGW
421.jpg,8H2R8
422.jpg,BcpDmrHN
423.jpg,mQy3DH0e
424.jpg,x8PbAHuL
425.jpg,eiqz
426.jpg,KwRk
427.jpg,LyQsHdBW
428.jpg,ZRK0vw
429.jpg,811ssc
430.jpg,ALkw9eKg
431.jpg,GL0JH
432.jpg,qN1H
433.jpg,abLYj
434.jpg,9UsTeOD
435.jpg,qTdZGeIR
436.jpg,w49cT
437.jpg,smjOimbc
438.jpg,hFGFH1
439.jpg,yqr56z6
440.jpg,mhe3
441.jpg,dZN6Zc
442.jpg,5P3YDfy
443.jpg,1iAXW
444.jpg,ZV88MWj
445.jpg,k9wC
446.jpg,y6BFy
447.jpg,yOsIOTW
448.jpg,LQ9gTkZ
449.jpg,gvL2
450.jpg,lrq4w8BY
451.jpg,prjgmoFT
452.jpg,VLuH8B2U
453.jpg,Ij4Fyl
454.jpg,Rj0L
455.jpg,Qwfbp
456.jpg,Esi3h9Fw
457.jpg,exSdM
458.jpg,liTpJOXm
459.jpg,tc7u
460.jpg,XcfrP
461.jpg,ItrbHAIM
462.jpg,4X12rrP
463.jpg,zeOXc
464.jpg,dGxuF8
465.jpg,JM5SdXm
466.jpg,Wcd93
467.jpg,art55
468.jpg,wHr6Rj4
469.jpg,TGjElu
470.jpg,jBeeV
471.jpg,EcZr
472.jpg,DX9shQGu
473.jpg,JsUwAje4
474.jpg,lsz4B
475.jpg,9UxOx02g
476.jpg,bSEhY
477.jpg,P4sZZs0B
478.jpg,OFooa
479.jpg,dvhN
480.jpg,fxqf7A8W
481.jpg,flI0Q
482.jpg,vCRp
483.jpg,jQWbpL
484.jpg,p1BDpJ
485.jpg,jAeez
486.jpg,SsJQhaWK
487.jpg,6qvee
488.jpg,roVy
489.jpg,zfpLmB
490.jpg,OJk5e3
491.jpg,oDzgKzIz
492.jpg,lKFMzpR
493.jpg,zt8FWtp
494.jpg,iI3cb
495.jpg,coSVA
496.jpg,JPFTavh
497.jpg,qKBiVM
498.jpg,Ng1CD
499.jpg,agwb
500.jpg,97ku8
501.jpg,3HwXh8W8
502.jpg,cIpZEjmE
503.jpg,6jLsYa
504.jpg,5h5na
505.jpg,ASUy
506.jpg,nqUiWQ80
507.jpg,bgtBGfA
508.jpg,Skj3FHN
509.jpg,LQETwI
510.jpg,er9FQgHe
511.jpg,xk9A
512.jpg,h7n6F2
513.jpg,kq8lXu
514.jpg,DSRCaQ
515.jpg,KuP0Z8
516.jpg,8wNaNJGi
517.jpg,Siz60p9
518.jpg,rrgc
519.jpg,WfwOv6Tx
520.jpg,XbZpuTo
521.jpg,3EpXAZd
522.jpg,EWic
523.jpg,0Zwft
524.jpg,l6zE
525.jpg,bZofE
526.jpg,GccRH
527.jpg,EPurq
528.jpg,CC8VrO3
529.jpg,bB6IXi
530.jpg,7w0RqKBm
531.jpg,65d9j6
532.jpg,z1837xh
533.jpg,ORDXk8j
534.jpg,X2vu
535.jpg,eia0
536.jpg,3FTtNO
537.jpg,urjTb
538.jpg,5KQ2hq
539.jpg,qPVs
540.jpg,V10SMo
541.jpg,qnOyR4s
542.jpg,WMDS
543.jpg,g1x9
544.jpg,17yYI
545.jpg,9P1FW0H
546.jpg,PKX7HZ2p
547.jpg,tlpM
548.jpg,LBYs
549.jpg,pjSvWA
550.jpg,aRkvdWEn
551.jpg,oY4Mb
552.jpg,6WMpiFSL
553.jpg,70HVdB
554.jpg,3iKky
555.jpg,R7Pk
556.jpg,lfJ6
557.jpg,m8kmF
558.jpg,sHu6
559.jpg,BraYvcu
560.jpg,lqFNrgO
561.jpg,PEZcew6D
562.jpg,8ViK
563.jpg,ElETam
564.jpg,JdhvW
565.jpg,IOKt
566.jpg,FdwAsuY
567.jpg,5NTQ
568.jpg,Jt5JW2Z
569.jpg,3Ul8h8
570.jpg,1MbAGt
571.jpg,nnAO
572.jpg,unweLwjW
573.jpg,1JbZlm8u
574.jpg,5s5pzLcO
575.jpg,NORjMP
576.jpg,aWcje5m
577.jpg,KSWkoE
578.jpg,sMnYIBz
579.jpg,4436zbIU
580.jpg,9UYnEzbr
581.jpg,VTT6CgtC
582.jpg,APtFnH
583.jpg,kn72Rwe
584.jpg,bhCzdetO
585.jpg,pWrOSu
586.jpg,Ldtm
587.jpg,ONJT
588.jpg,CfcG19d
589.jpg,Ha886I
590.jpg,upApA3
591.jpg,0qWJsq
592.jpg,VCKpjjG
593.jpg,sju7e6
594.jpg,1ndQ
595.jpg,m4BmrOek
596.jpg,OQ1cZBh
597.jpg,rQMVqeuk
598.jpg,31MB9
599.jpg,pBRyN1T
600.jpg,0UQncMLp
601.jpg,NxSB
602.jpg,yRjf
603.jpg,8xc9xtKU
604.jpg,modJ7aUs
605.jpg,o7jK
606.jpg,nfMcsG
607.jpg,RhTKwQ
608.jpg,0cJXiTy
609.jpg,qOeJp
610.jpg,rxkA
611.jpg,Jixqtl
612.jpg,KuLo
613.jpg,4PXtC
614.jpg,cWdXod
615.jpg,KrBNJ
616.jpg,Iiui
617.jpg,Kb3jjc
618.jpg,rsNvG
619.jpg,eJ4XdN
620.jpg,ZWXGZ
621.jpg,wCm9bwzb
622.jpg,lD7rFDR
623.jpg,8On6HZuk
624.jpg,XgkS1
625.jpg,ekJP3
626.jpg,xMI3W4
627.jpg,GjaWfhZ
628.jpg,AOurhctf
629.jpg,YI1M1hZ
630.jpg,fp7Lu
631.jpg,FGTS
632.jpg,YlcI
633.jpg,X68iLeR
634.jpg,GCHZzmYW
635.jpg,hjCbk0
636.jpg,Xiiimy
637.jpg,xEDyhpcg
638.jpg,2Al0e
639.jpg,lHBie
640.jpg,kZyL0
641.jpg,kWr6
642.jpg,kSIAdR
643.jpg,CLh3e8
644.jpg,SZTW8Z
645.jpg,tLpF
646.jpg,Wl0djW
647.jpg,lI0y
648.jpg,LKdD
649.jpg,9YhnK
650.jpg,0j1jsEZq
651.jpg,i1cu
652.jpg,W5fxOsXH
653.jpg,Cp69i
654.jpg,V0zGTr
655.jpg,8TPfk8Tn
656.jpg,6cS1VK
657.jpg,XvgKqb
658.jpg,LUSp
659.jpg,Iy0VnZc
660.jpg,ooN8of
661.jpg,diEqp
662.jpg,asr3
663.jpg,UT1CcZ
664.jpg,3kaZ
665.jpg,cBS4Y1J
666.jpg,XZ4twpgz
667.jpg,1IL9X
668.jpg,EnLa
669.jpg,XcWScM2H
670.jpg,ii0O
671.jpg,YSja
672.jpg,IulmF5
673.jpg,RTHA0B
674.jpg,npvFSK
675.jpg,EGbhS
676.jpg,iIQ8Oc
677.jpg,fqfHH3BJ
678.jpg,XPhmU
679.jpg,L03PphEW
680.jpg,vAuB5Cp
681.jpg,FHCO1O
682.jpg,xf2k
683.jpg,7QnL
684.jpg,tR1GF9
685.jpg,yKYR7d
686.jpg,9qrMz
687.jpg,BCoKjNs
688.jpg,8WURiE
689.jpg,PdkY
690.jpg,xxI0Pq
691.jpg,LS8tp
692.jpg,BAtuV
693.jpg,YuDTK
694.jpg,1dzu7K
695.jpg,d1nPH
696.jpg,bcMxQEb
697.jpg,BvNI
698.jpg,XWsxvsxr
699.jpg,77Qq5t
700.jpg,oQMq
701.jpg,GWRw
702.jpg,mNm4z
703.jpg,he0RW
704.jpg,uGJU
705.jpg,g4Jy5RR5
706.jpg,JAhESln
707.jpg,NBWApgd
708.jpg,0umRyNM
709.jpg,TrZmXSro
710.jpg,I0skji
711.jpg,0nWZlst
712.jpg,KNrbInQ
713.jpg,zs7lQY
714.jpg,2Q08t
715.jpg,0avkrggt
716.jpg,xmQQg7Op
717.jpg,1zGG4LtS
718.jpg,7b6NiOK
719.jpg,eKYWkTb
720.jpg,cyGmhDw
721.jpg,Kkjt
722.jpg,yq0xb
723.jpg,50R6mF
724.jpg,5D9cqHC
725.jpg,qNUbtVU
726.jpg,3lr92
727.jpg,dAh0p
728.jpg,VoHG4r
729.jpg,hBgkn6
730.jpg,RNmGt
731.jpg,B9bcb
732.jpg,PKGv8mx4
733.jpg,SpXNX
734.jpg,oXR5oBU
735.jpg,K3dO4T
736.jpg,hSwV
737.jpg,5IzO
738.jpg,uOuDjAc0
739.jpg,YriB
740.jpg,8n4miAl
741.jpg,htslw6
742.jpg,pzKVH
743.jpg,GII60lOo
744.jpg,sCVvgX
745.jpg,dZSiw
746.jpg,qobiGshb
747.jpg,AP5sHb
748.jpg,fb2JcmHK
749.jpg,vQaUGZ
750.jpg,T2Ti8
751.jpg,YTXa8
752.jpg,R3wWb
753.jpg,Wo9mo
754.jpg,4wvcE1
755.jpg,VpH87Z
756.jpg,QEdfYC
757.jpg,21jI8A
758.jpg,771IC
759.jpg,fKxfWE
760.jpg,Z7HxNGHQ
761.jpg,jnbe6
762.jpg,MtR6iu
763.jpg,8Jh1
764.jpg,oz6PADyE
765.jpg,jsOvDZC5
766.jpg,siJ1Bv
767.jpg,IxDrvp
768.jpg,G9GhV8w
769.jpg,9dMu
770.jpg,TQ3r6
771.jpg,atlg0G
772.jpg,hByeWa
773.jpg,gDYo9F
774.jpg,mtvMvd
775.jpg,rUq1
776.jpg,ICu1a17h
777.jpg,6d9hf
778.jpg,GDfPm7
779.jpg,VjpW
780.jpg,gJ5IQv5I
781.jpg,t8ddybD
782.jpg,Wu0RF
783.jpg,BzlJ
784.jpg,DeekoCO6
785.jpg,iPWmRRZ
786.jpg,9NnwCa9
787.jpg,4qvoCNql
788.jpg,Yck92Et
789.jpg,OevC1qM8
790.jpg,WRMJ
791.jpg,YMjMLfXs
792.jpg,RwBlX9
793.jpg,r58gXN
794.jpg,WK9JpF
795.jpg,jxzk
796.jpg,xd8xfvAj
797.jpg,nkFhCSkq
798.jpg,6UYh
799.jpg,na7tpDSM
800.jpg,uPP6
801.jpg,DOQ728
802.jpg,IVYx
803.jpg,q0BHry
804.jpg,bLmq
805.jpg,64rGC78B
806.jpg,0tiLw2TH
807.jpg,88pqPBmJ
808.jpg,8s3CzhM4
809.jpg,sKuLh7
810.jpg,LYnl6
811.jpg,GwSPODa
812.jpg,NFNnaBn1
813.jpg,HqZm
814.jpg,XPHDxgc
815.jpg,hgtFmlO
816.jpg,pY3djw
817.jpg,XYp7Iu
818.jpg,bvmIr
819.jpg,grtY
820.jpg,IP3lUeY
821.jpg,cAFzTwT
822.jpg,O16QlYJk
823.jpg,tOUvXW
824.jpg,lpvD8W
825.jpg,EkhvzjT
826.jpg,3uV6
827.jpg,NuydS
828.jpg,act3TRX
829.jpg,own9cC
830.jpg,Gg3ELS
831.jpg,OT1AX
832.jpg,Z63COoo
833.jpg,5CpF
834.jpg,Ii2vLJ
835.jpg,K8NSVf1A
836.jpg,iBJ36n7
837.jpg,TO0NjS1q
838.jpg,xwolrZcY
839.jpg,7krBYret
840.jpg,6RSb
841.jpg,tDBOc
842.jpg,0WTxM
843.jpg,LhbtuyE
844.jpg,G8bju
845.jpg,ogfdcx
846.jpg,7Zho3
847.jpg,iXrj
848.jpg,vUvux
849.jpg,kSTy6
850.jpg,CCYKpa
851.jpg,qvkEy
852.jpg,XYDMxRro
853.jpg,DSItdTvN
854.jpg,HqzgStbL
855.jpg,1dO9B
856.jpg,V9dNy
857.jpg,TsFe
858.jpg,PCWpTa
859.jpg,9w4ZAa
860.jpg,XoLGR2jx
861.jpg,QPSo
862.jpg,EsCX
863.jpg,Gz43B
864.jpg,7aOBEI
865.jpg,qtEbLmt
866.jpg,plyb
867.jpg,FCF8
868.jpg,g3XGuTG
869.jpg,xlPf8
870.jpg,yw5i
871.jpg,NaXDmzad
872.jpg,JkPr7k5
873.jpg,Q6psc
874.jpg,MfmkwC7e
875.jpg,wzptE
876.jpg,knZ1q4uV
877.jpg,NFIS
878.jpg,HlciU
879.jpg,Hzb9aR5Z
880.jpg,FqslfESN
881.jpg,Y7eh
882.jpg,Z8TrgV7y
883.jpg,UJoLfsm
884.jpg,3k7a
885.jpg,cvjE
886.jpg,FKpCsC
887.jpg,HiB8
888.jpg,tDmn2TU
889.jpg,wxHr3O
890.jpg,nxwgC
891.jpg,P24HT
892.jpg,xbPU3A
893.jpg,As7vn
894.jpg,ZxDYJC
895.jpg,n7STx1uA
896.jpg,bGUfmS
897.jpg,8CSaD
898.jpg,xzPLk
899.jpg,3dclv4Gp
900.jpg,f9IcaDwn
901.jpg,ONagHUnk
902.jpg,vLd9
903.jpg,Cme8S
904.jpg,CARjy
905.jpg,g7tzi
906.jpg,Wwoar0T
907.jpg,B1p0
908.jpg,BnzCLnW
909.jpg,iozW
910.jpg,AB5VT
911.jpg,dI0W9ik
912.jpg,g9wBD3rx
913.jpg,F9eV
914.jpg,eEvTZO
915.jpg,CYTAymUz
916.jpg,jwPM
917.jpg,KKYBu
918.jpg,jP5A6j0
919.jpg,JlyAjW0
920.jpg,PSu0
921.jpg,yvL5iVN
922.jpg,rI87
923.jpg,y9i1EWL
924.jpg,bWBi4
925.jpg,66In
926.jpg,jTATD
927.jpg,cuOIn
928.jpg,yHsQUnX
929.jpg,OtGzdEw
930.jpg,fij2xYLx
931.jpg,d6s7f
932.jpg,hDltu2
933.jpg,TLNBvi
934.jpg,WnHq9Ig
935.jpg,UjMXrR
936.jpg,MgsBk
937.jpg,E5ZqD
938.jpg,dTJlNvpG
939.jpg,Q7fC5Xj8
940.jpg,y3bcp
941.jpg,NepLj
942.jpg,O1NWlz
943.jpg,KSom
944.jpg,6s4G
945.jpg,cK2AZ4Wp
946.jpg,23Ya
947.jpg,jp6blx
948.jpg,K2cQOiiG
949.jpg,R6ccS
950.jpg,SzCvOJ5C
951.jpg,pc7Z3
952.jpg,32qw
953.jpg,rWDfND
954.jpg,gx0xT
955.jpg,6XH6
956.jpg,vJ2oWr
957.jpg,PX2f
958.jpg,RZVLD78
959.jpg,EdNrKVQn
960.jpg,R3ftgRCo
961.jpg,YZH1
962.jpg,bKEYWPQD
963.jpg,YAn12
964.jpg,5AbkwvuL
965.jpg,OqcH
966.jpg,6RguNDJ
967.jpg,uG1Z
968.jpg,gZqAA
969.jpg,MBEe3
970.jpg,6eQQQ
971.jpg,FtsWJP
972.jpg,jxZwf
973.jpg,VmgJb
974.jpg,J4uuX
975.jpg,jliYmMU
976.jpg,D2eemv44
977.jpg,WI7JrqI
978.jpg,LAjc7
979.jpg,SzGRXb
980.jpg,YqmSlbL
981.jpg,sN3RVx
982.jpg,XxFvY4YL
983.jpg,Na01fM5q
984.jpg,OiuV
985.jpg,qwW0hP
986.jpg,jaSfYGDD
987.jpg,DKzk87
988.jpg,FSoOU
989.jpg,lIZxM51o
990.jpg,zRBcu5r
991.jpg,k0BE
992.jpg,b4qpm
993.jpg,h8BTw
994.jpg,mghyit3
995.jpg,H8O4
996.jpg,mRPPySWi
997.jpg,mIWoB3ti
998.jpg,rKFfRWp
999.jpg,QqhXwiO
1000.jpg,3DbQ
1001.jpg,uIwX
1002.jpg,Xl3DFt
1003.jpg,KpxBZ0E
1004.jpg,OO1j
1005.jpg,heHXi
1006.jpg,FCUta
1007.jpg,9uFs3ttc
1008.jpg,fzrHDm6w
1009.jpg,vlCYM
1010.jpg,WQYu9v
1011.jpg,prlLJ0
1012.jpg,VEVLmfT
1013.jpg,TEsvll
1014.jpg,IJi9
1015.jpg,ikbiBu
1016.jpg,6ngGC
1017.jpg,fMTCuu
1018.jpg,a7O3y0
1019.jpg,BLW8
1020.jpg,2IykF
1021.jpg,kfh4CAZ
1022.jpg,gRmOVX
1023.jpg,S3Ud9
1024.jpg,sOFFMGrs
1025.jpg,Zteva
1026.jpg,X3crgg
1027.jpg,An00
1028.jpg,XpNKrqLy
1029.jpg,SbK5V9
1030.jpg,3XkmOkT
1031.jpg,dW5Z
1032.jpg,83nFN
1033.jpg,pngzy
1034.jpg,6Cx0
1035.jpg,VRQ2O8
1036.jpg,VLZeoll
1037.jpg,DlPJD28
1038.jpg,yjuTp
1039.jpg,U6YkSMu
1040.jpg,EfTJWU
1041.jpg,Cbv5
1042.jpg,WmuXzhK
1043.jpg,YDabEs4M
1044.jpg,mQmqEt
1045.jpg,wIdPcUrn
1046.jpg,RF8OW5
1047.jpg,ZUrsl
1048.jpg,zdhSvY
1049.jpg,uxtVP3ft
1050.jpg,Mi5e
1051.jpg,JwPCAX
1052.jpg,AVmYzDV
1053.jpg,vFNI
1054.jpg,LhsnsSe
1055.jpg,DNgBeL2
1056.jpg,wxnV
1057.jpg,7Zr5HJt6
1058.jpg,T5xzn
1059.jpg,zU6M
1060.jpg,U69ZfuO3
1061.jpg,rQaMYO
1062.jpg,AL81xU
1063.jpg,l2pQcsV
1064.jpg,VzgU7
1065.jpg,Z60i6
1066.jpg,RFKZ
1067.jpg,4OOFl4rC
1068.jpg,oMbng33
1069.jpg,zDRn0d
1070.jpg,P32I0en6
1071.jpg,mtKM
1072.jpg,d9cHnG
1073.jpg,2IojZ58E
1074.jpg,e0eG
1075.jpg,2vTeHe0E
1076.jpg,z2vA
1077.jpg,0ihLjnTn
1078.jpg,gOBhPox
1079.jpg,fv4Hyzg8
1080.jpg,N1UNAbz
1081.jpg,loqnmPAF
1082.jpg,2f2Y42
1083.jpg,4FgWD
1084.jpg,pPUZv
1085.jpg,EBwiCPi
1086.jpg,stoaT
1087.jpg,QLRrv
1088.jpg,3T2naW
1089.jpg,hpNXYi
1090.jpg,x4PNFKz
1091.jpg,nObRD
1092.jpg,TKMGgCV
1093.jpg,MZvG
1094.jpg,TaINZ7
1095.jpg,9Hmp
1096.jpg,dq65
1097.jpg,jbA8dX
1098.jpg,B3pdjwp
1099.jpg,WEfl
1100.jpg,BqmPnwUi
1101.jpg,6IINaW
1102.jpg,OZl3fgy
1103.jpg,aWtPf2
1104.jpg,qapUptrH
1105.jpg,055w
1106.jpg,rhIY
1107.jpg,pR7k9S2a
1108.jpg,06GFqJET
1109.jpg,BPdWrdG
1110.jpg,DybTjd
1111.jpg,vwD5Dy8
1112.jpg,7S63iw0
1113.jpg,zdxKNNBj
1114.jpg,haOTLR
1115.jpg,xPfGypOx
1116.jpg,n4Eyhl8
1117.jpg,vVx2u
1118.jpg,dU4IIYs
1119.jpg,VojEI
1120.jpg,A6MTV69R
1121.jpg,lNOP6lr
1122.jpg,0oaHzg
1123.jpg,bxCoR
1124.jpg,O3MM
1125.jpg,ZhHFcB
1126.jpg,FJOH
1127.jpg,nHSK
1128.jpg,H5cAt73
1129.jpg,laZBke6
1130.jpg,pPRYICc
1131.jpg,MBQ11b
1132.jpg,0gCJB
1133.jpg,DD7sTSW
1134.jpg,d8BiA
1135.jpg,pb81
1136.jpg,lfsM4
1137.jpg,JhdwyZI2
1138.jpg,07V5YW7F
1139.jpg,PeqBGk
1140.jpg,GNvOD
1141.jpg,C6nD7yH
1142.jpg,o6SgZm5Y
1143.jpg,aJM060
1144.jpg,7BVJYjm
1145.jpg,GJriR4gE
1146.jpg,70BFBe
1147.jpg,eI7uNOP
1148.jpg,fDzFj
1149.jpg,ibEqf
1150.jpg,LOUbw9sx
1151.jpg,uLkwOIHO
1152.jpg,cfwJnCCR
1153.jpg,vC0ht96g
1154.jpg,0SURG4
1155.jpg,bz9a6f2x
1156.jpg,xtCDu3
1157.jpg,x63C5
1158.jpg,ILHDV
1159.jpg,5OqJR
1160.jpg,49r5RJpV
1161.jpg,ujTQTti
1162.jpg,zapnihag
1163.jpg,5GBmhqtQ
1164.jpg,b0Bir1QV
1165.jpg,ViiL
1166.jpg,AHhbZ
1167.jpg,OS1J
1168.jpg,bL1F
1169.jpg,RSqhuk0
1170.jpg,QWSRO
1171.jpg,OC75
1172.jpg,jJY4
1173.jpg,xIeyA
1174.jpg,wRBuZxSh
1175.jpg,WDMjVV7F
1176.jpg,nB8EYz
1177.jpg,06smEf
1178.jpg,cdLh6
1179.jpg,rgwRAl
1180.jpg,dsXQNtav
1181.jpg,CXGGu
1182.jpg,zVYk
1183.jpg,LwEjS3D
1184.jpg,xwe6J6B
1185.jpg,mWDP
1186.jpg,KFcaIIF
1187.jpg,s61WT1nv
1188.jpg,fmpkw5
1189.jpg,lGLnB
1190.jpg,p9fwzk
1191.jpg,g5UfUdL
1192.jpg,AuIb3N
1193.jpg,wQMxUSRS
1194.jpg,MGUjI
1195.jpg,QZhIq
1196.jpg,Fit13
1197.jpg,JWtZk
1198.jpg,s3kwLyMr
1199.jpg,axblv
1200.jpg,MIYrz
1201.jpg,9NDP
1202.jpg,L8VHPyGy
1203.jpg,Mqn3rS
1204.jpg,gy7Aq8l
1205.jpg,3PMTh
1206.jpg,phaUbA
1207.jpg,Ks1Jf
1208.jpg,sebA
1209.jpg,pafltk
1210.jpg,YRtc502
1211.jpg,HNs8
1212.jpg,11FR
1213.jpg,7F5YQv5
1214.jpg,sfwWf
1215.jpg,tYhw
1216.jpg,joSbVi
1217.jpg,CzCtZx
1218.jpg,qscBEAR
1219.jpg,FM9J
1220.jpg,0ni7Z
1221.jpg,G5CRyq
1222.jpg,TrXAM
1223.jpg,BoQfV
1224.jpg,lYytT6KD
1225.jpg,8T58
1226.jpg,raE2
1227.jpg,qTRStV
1228.jpg,YN67ziU
1229.jpg,y1LsX
1230.jpg,Gs3ykG
1231.jpg,WFAYdA
1232.jpg,jwGFe
1233.jpg,11LOkV
1234.jpg,6B39D8m
1235.jpg,9ymV7j8
1236.jpg,RuEx
1237.jpg,SfnyTTRs
1238.jpg,sOot
1239.jpg,JePPOf
1240.jpg,1ReF5tu0
1241.jpg,59PkSt
1242.jpg,0deoBasj
1243.jpg,UZoYwK
1244.jpg,mw9OmG
1245.jpg,7ONnqnB
1246.jpg,8Djg0Up
1247.jpg,B00Hj
1248.jpg,dAUGIuh
1249.jpg,Ypu9FNb
1250.jpg,VHNX
1251.jpg,4ZDR
1252.jpg,Awfpcuv
1253.jpg,xjK8KsCu
1254.jpg,bFzAl
1255.jpg,xnZVw
1256.jpg,RobzaL
1257.jpg,8biD51L
1258.jpg,d4fKQUs
1259.jpg,zIjZ6
1260.jpg,ur5DMXc
1261.jpg,1Ms2ykp5
1262.jpg,FVSlBY7
1263.jpg,WXv7v
1264.jpg,gH3F
1265.jpg,Z4qiG3s
1266.jpg,hCSDY
1267.jpg,oobE0c
1268.jpg,LyAHeOlf
1269.jpg,oPPl5vHP
1270.jpg,EYSN
1271.jpg,ADX5hmCI
1272.jpg,vVDSx
1273.jpg,r78ZoZqc
1274.jpg,2sAWOeM8
1275.jpg,gq6g
1276.jpg,XsGEJgtL
1277.jpg,emiW
1278.jpg,3lMyKhk
1279.jpg,gJziP
1280.jpg,cORkS1r
1281.jpg,NlUeW
1282.jpg,oDNYAQV
1283.jpg,U4N4iqz
1284.jpg,PzCduE
1285.jpg,SsGr9D9D
1286.jpg,869zS
1287.jpg,YCRCcIV
1288.jpg,501Ry
1289.jpg,TbUoWGI4
1290.jpg,rd7LDIDG
1291.jpg,XqGFnu
1292.jpg,p5D0Kr8c
1293.jpg,94b3
1294.jpg,uawZeXp
1295.jpg,fTUOj
1296.jpg,SLkU
1297.jpg,nzTTh
1298.jpg,rpj8
1299.jpg,rw6iDZnL
1300.jpg,y2Xx
1301.jpg,5RMtR
1302.jpg,6KxWK
1303.jpg,BMpjkUi3
1304.jpg,aTsP
1305.jpg,yP54NKkp
1306.jpg,JXHNsJp
1307.jpg,LHYh
1308.jpg,gtAdYpB
1309.jpg,1N0U
1310.jpg,IFOdNzB
1311.jpg,zipk3c7
1312.jpg,XTmle
1313.jpg,A6EKW
1314.jpg,Zr7yh
1315.jpg,5bJ5
1316.jpg,SISEu6
1317.jpg,UuVnPmvK
1318.jpg,5C67nj
1319.jpg,aYJgD
1320.jpg,3XMJm
1321.jpg,lZvCSz
1322.jpg,noxl0V
1323.jpg,E9yfPAP
1324.jpg,Cw9Sc
1325.jpg,seTcXm3
1326.jpg,wEUm
1327.jpg,HNZw3X
1328.jpg,oSRWIS
1329.jpg,l6qy0Gz
1330.jpg,1e62c
1331.jpg,xWZnsrrP
1332.jpg,XKdZG
1333.jpg,mACjSu
1334.jpg,uNhFch0
1335.jpg,x0ABBQK
1336.jpg,2Nz8FBI
1337.jpg,4Tt3Z7d
1338.jpg,YcxWVg81
1339.jpg,xOmYN
1340.jpg,AZomjD
1341.jpg,ozPfQ
1342.jpg,nkKS2I
1343.jpg,BUe1t
1344.jpg,leKsw
1345.jpg,v8z5
1346.jpg,SnnE
1347.jpg,orZ3Py1I
1348.jpg,mwylRW
1349.jpg,Ovsbv4
1350.jpg,dTxJE4
1351.jpg,WZsW2
1352.jpg,llS4hX
1353.jpg,2qmSce
1354.jpg,Zo6IAD97
1355.jpg,2iKH
1356.jpg,Bk72sU
1357.jpg,0byVdC
1358.jpg,z5a0LCJ
1359.jpg,OFuo
1360.jpg,sFLDNLl
1361.jpg,6KW7
1362.jpg,mQtO
1363.jpg,XeZ6DEmT
1364.jpg,erhNxM
1365.jpg,LQU2J
1366.jpg,5Je8
1367.jpg,FSRGM4K7
1368.jpg,c4zLly9
1369.jpg,yz1Qv
1370.jpg,0K6WFrJL
1371.jpg,HNxIvxz
1372.jpg,gBIC1Ca
1373.jpg,RRnEd
1374.jpg,jcDi
1375.jpg,dySJ
1376.jpg,G9PKf7
1377.jpg,hKxB30
1378.jpg,CU2m
1379.jpg,mDW20lEr
1380.jpg,FaS1lC
1381.jpg,zYqRv
1382.jpg,W0vtjuv
1383.jpg,0HW7EHw
1384.jpg,rTCv
1385.jpg,cbkAi
1386.jpg,2jjEQvgM
1387.jpg,ljPJhy6
1388.jpg,Z8fcP0W
1389.jpg,SLB5v
1390.jpg,jZdle
1391.jpg,6gtJfuQ
1392.jpg,OVJhaqsd
1393.jpg,MsWbUfq
1394.jpg,VgwWW
1395.jpg,NwMr
1396.jpg,Vm2D
1397.jpg,jLOj
1398.jpg,2D9AU
1399.jpg,P5G9W
1400.jpg,kS2nHZw
1401.jpg,abJlvxLi
1402.jpg,83lq
1403.jpg,62oJJ2P
1404.jpg,jzBdD7
1405.jpg,2dnV
1406.jpg,riWjy68w
1407.jpg,UqypfP
1408.jpg,oeA4c30g
1409.jpg,4PfY
1410.jpg,tmuAmQZ
1411.jpg,B7eP
1412.jpg,jTYoRF
1413.jpg,DNHm
1414.jpg,JpordD
1415.jpg,xsGD
1416.jpg,aYgZz
1417.jpg,8Q7tqaz6
1418.jpg,TeJBxa
1419.jpg,qGNJk
1420.jpg,8ySaB
1421.jpg,8CCr
1422.jpg,CmK6tF
1423.jpg,XyIuKT34
1424.jpg,GsjLBA
1425.jpg,VnaPXj5
1426.jpg,QKnuf
1427.jpg,RsoW
1428.jpg,7Ztj8
1429.jpg,dbqSZJCv
1430.jpg,oA7gsXgc
1431.jpg,rOvU48i
1432.jpg,bBZe
1433.jpg,zJksNC8
1434.jpg,I5pLT8hT
1435.jpg,rqaPT
1436.jpg,tP9SM7
1437.jpg,7nAob
1438.jpg,Pppe1
1439.jpg,v9USNAep
1440.jpg,vOE3qcr
1441.jpg,q9zx5
1442.jpg,41VIn9r
1443.jpg,wbAHUC5
1444.jpg,nov9WkM
1445.jpg,tg3k
1446.jpg,ayWMDw
1447.jpg,wILMkl
1448.jpg,ogxZ
1449.jpg,mll0
1450.jpg,rMV33nig
1451.jpg,TxgaWQ
1452.jpg,MfZr
1453.jpg,TuRtW
1454.jpg,FopBrKS
1455.jpg,6GN1gH
1456.jpg,gK95t
1457.jpg,slh7k1
1458.jpg,3J4P0M35
1459.jpg,SOi9Y
1460.jpg,8l1CO
1461.jpg,W9rU8Re
1462.jpg,YnGgl79
1463.jpg,koGpk
1464.jpg,HPzPhIJ
1465.jpg,iTpubgl
1466.jpg,5SdFEjnO
1467.jpg,kQVgAUV
1468.jpg,Uxmau9
1469.jpg,XgxbYpRc
1470.jpg,cOpy
1471.jpg,UXAF
1472.jpg,rxqO
1473.jpg,uDP20
1474.jpg,873pAIMq
1475.jpg,Y5Z7F
1476.jpg,lomk5q
1477.jpg,bALTrA
1478.jpg,cDB2eW
1479.jpg,e7hvo
1480.jpg,4sLQQcb
1481.jpg,2uu6B95s
1482.jpg,J2X1bkTw
1483.jpg,GN2voEnu
1484.jpg,GemnZ
1485.jpg,kHLBDnaH
1486.jpg,ecMFCq
1487.jpg,SPXv2fK
1488.jpg,oV8HA9
1489.jpg,ES2Phb
1490.jpg,8hLq
1491.jpg,s55W
1492.jpg,t189Mh
1493.jpg,45BbIVgd
1494.jpg,OXOq
1495.jpg,2qtFOOZ
1496.jpg,McGp9ful
1497.jpg,EoCCb
1498.jpg,tt7cfU4
1499.jpg,vuBPYb
1500.jpg,A2tr2z
1501.jpg,y6IRl
1502.jpg,LNXsxFc0
1503.jpg,D6pSwIM
1504.jpg,1jEWbn2b
1505.jpg,BLzUbR3O
1506.jpg,yaNW
1507.jpg,ZCK6hQQ
1508.jpg,y1goB
1509.jpg,jlbP3H
1510.jpg,d3Jh
1511.jpg,9xJAT8yT
1512.jpg,CFz5Qk
1513.jpg,YjoXB
1514.jpg,OjmLIorB
1515.jpg,Ljraq4x
1516.jpg,TDcggK0A
1517.jpg,tfpkqdH
1518.jpg,6rD3fG
1519.jpg,o2xxv8
1520.jpg,Sy66Hu
1521.jpg,ipPTst
1522.jpg,0qWQoBH
1523.jpg,tGWy
1524.jpg,McTYEZn
1525.jpg,pkKPjCS
1526.jpg,Tltbl
1527.jpg,7jd2S0zD
1528.jpg,wwt9beZ9
1529.jpg,4in5Z0
1530.jpg,TxJ4
1531.jpg,7P4LXrs
1532.jpg,yhvlRBxk
1533.jpg,I1BC
1534.jpg,1F7lx9
1535.jpg,YzqK69
1536.jpg,3CWT
1537.jpg,iwTU
1538.jpg,fUSTp
1539.jpg,kQuQKP
1540.jpg,jRIpNe
1541.jpg,JkaixtC
1542.jpg,iNgpPsGV
1543.jpg,jxsWSQ
1544.jpg,kne71X
1545.jpg,qTgblW7N
1546.jpg,m5olph
1547.jpg,sEaR
1548.jpg,EmjB
1549.jpg,zZPH
1550.jpg,ubPADvkY
1551.jpg,FAmvDAfS
1552.jpg,tMIh
1553.jpg,5KHv
1554.jpg,kpA3
1555.jpg,iQdSMQ
1556.jpg,khaXO
1557.jpg,Z9cL
1558.jpg,WmNy8ECj
1559.jpg,VBKIlu
1560.jpg,zprS
1561.jpg,EkQBn
1562.jpg,xDAuyG6u
1563.jpg,hRiubvAz
1564.jpg,iijHb
1565.jpg,Du1a
1566.jpg,jniRD
1567.jpg,Uget
1568.jpg,yuVF
1569.jpg,tEqzofgh
1570.jpg,zxfZqxKn
1571.jpg,sNJO
1572.jpg,fDNw
1573.jpg,Pyk0osH
1574.jpg,ZYmjOURG
1575.jpg,Q7vRXi3H
1576.jpg,8g4c
1577.jpg,GvABhK6o
1578.jpg,zgnEOpqC
1579.jpg,VXM1q67
1580.jpg,XovwJQ
1581.jpg,vuP7e
1582.jpg,qIu2VT8Y
1583.jpg,AMyX
1584.jpg,XBFT
1585.jpg,qANNVI
1586.jpg,ekkvu
1587.jpg,dR3Y
1588.jpg,EW4WRaeH
1589.jpg,COUni
1590.jpg,4ZYYRd0
1591.jpg,CNLNa8vt
1592.jpg,QLU2EU
1593.jpg,nWbizLfa
1594.jpg,z8khP
1595.jpg,aFUluQJ
1596.jpg,BqzV
1597.jpg,YKYQ0
1598.jpg,SNqJfXVF
1599.jpg,PDZ26vsw
1600.jpg,dijVebXx
1601.jpg,H4598
1602.jpg,U4Ra
1603.jpg,pz4RB
1604.jpg,Gjvt0YKO
1605.jpg,x72Hdi
1606.jpg,AgPP
1607.jpg,SJRdYCa
1608.jpg,rmqQAt
1609.jpg,ij6pQ0B
1610.jpg,GDHhtZgj
1611.jpg,QDQd3N
1612.jpg,j4tgAv5u
1613.jpg,i0wse
1614.jpg,koDnr
1615.jpg,Cmj5mb4
1616.jpg,zsqRV
1617.jpg,HjOOqN
1618.jpg,lppuo
1619.jpg,6S3jZ
1620.jpg,UHAY
1621.jpg,LVCYqe37
1622.jpg,fAM5Z
1623.jpg,regvR
1624.jpg,A2YT
1625.jpg,1KLiC
1626.jpg,JprVz93
1627.jpg,xmLNUX
1628.jpg,Nivk
1629.jpg,qd0CU7qW
1630.jpg,IBSOkV8
1631.jpg,FPppRh
1632.jpg,lzIxCQK
1633.jpg,zIPJKSTW
1634.jpg,lFVu17RW
1635.jpg,CubJVsH1
1636.jpg,b1tKi9
1637.jpg,h3EF
1638.jpg,2gW6
1639.jpg,K967wj
1640.jpg,oVZgZrj1
1641.jpg,7aVXGl
1642.jpg,1zFMUS
1643.jpg,AXstzt
1644.jpg,bbKdrouH
1645.jpg,VmQddRjg
1646.jpg,UeLUw7G
1647.jpg,0D1FRHtx
1648.jpg,cqKt9MNJ
1649.jpg,kVRZDLRl
1650.jpg,DtfN2OY
1651.jpg,JoGO
1652.jpg,QmV08v
1653.jpg,T42eeCIC
1654.jpg,kHpxtpL
1655.jpg,SWPia
1656.jpg,uSJuql
1657.jpg,0dfh
1658.jpg,A1gc6
1659.jpg,8b2cHYW
1660.jpg,O0ugPfv
1661.jpg,XrXl
1662.jpg,awrgIj
1663.jpg,YfZEngE
1664.jpg,Kvw49LNR
1665.jpg,LccKDsof
1666.jpg,CgiT
1667.jpg,iVLhu7C6
1668.jpg,zSge
1669.jpg,wCciLDLT
1670.jpg,8rTRy
1671.jpg,XHct
1672.jpg,7ay8WcO7
1673.jpg,bjCPJRK
1674.jpg,OZht
1675.jpg,Vu4uyVq
1676.jpg,Qld2
1677.jpg,Vyq9FWja
1678.jpg,0f7QN1
1679.jpg,2I1vY
1680.jpg,mR40f6en
1681.jpg,yRgc4s
1682.jpg,6ySIF
1683.jpg,FUmRE
1684.jpg,R6jKdV
1685.jpg,PPgok
1686.jpg,L91rv
1687.jpg,q0ym
1688.jpg,cQF8rPs
1689.jpg,Rrqv
1690.jpg,XPUV4CtE
1691.jpg,yyDb
1692.jpg,t5NqLUb
1693.jpg,4ssFkU
1694.jpg,6HptiDXs
1695.jpg,NY672k
1696.jpg,qGhK
1697.jpg,RWVnNZ64
1698.jpg,NTV2
1699.jpg,gF7p
1700.jpg,Honh
1701.jpg,qLNP
1702.jpg,CVOIO
1703.jpg,FcmmUj
1704.jpg,xSamKO
1705.jpg,PCCN9
1706.jpg,eL0Ud2Z
1707.jpg,oZ4xfCF2
1708.jpg,JiHRc
1709.jpg,F6JV
1710.jpg,UOP4k
1711.jpg,iSsA68tT
1712.jpg,pAC7GB
1713.jpg,Uc7ke
1714.jpg,wrRn
1715.jpg,tgtu6Dx
1716.jpg,p7X9QDRN
1717.jpg,Xgju
1718.jpg,uDPj
1719.jpg,piSVJ
1720.jpg,Of48Wxcm
1721.jpg,l2UxL
1722.jpg,AEBv
1723.jpg,NNWh55AU
1724.jpg,jXCgLkU
1725.jpg,e9FM3
1726.jpg,Emlf4RHc
1727.jpg,E1tiK
1728.jpg,qp50RZG
1729.jpg,tNJlw
1730.jpg,GX80n
1731.jpg,n09F
1732.jpg,Ccyr6
1733.jpg,npMRhT1
1734.jpg,NtyB0
1735.jpg,cIpA
1736.jpg,fyB0
1737.jpg,pXOw
1738.jpg,wVuF
1739.jpg,X045I
1740.jpg,kTOnAPsA
1741.jpg,jzxFob62
1742.jpg,r2yYiz
1743.jpg,dZCqRy
1744.jpg,rKoerV
1745.jpg,PiWzGOC
1746.jpg,5wzx
1747.jpg,Nl4dB3wm
1748.jpg,byDSIPS
1749.jpg,BVgE
1750.jpg,pZiyHIC
1751.jpg,plAV8g
1752.jpg,bVo6c
1753.jpg,yQnO
1754.jpg,4yTGuSz
1755.jpg,QeQa
1756.jpg,5huuhgb
1757.jpg,t0h77B4k
1758.jpg,WCaXJUE
1759.jpg,ZSZ0sd
1760.jpg,unsR1
1761.jpg,RV7y8p8e
1762.jpg,kmqDz6uQ
1763.jpg,YGxcz92e
1764.jpg,DS51
1765.jpg,qEK2XA
1766.jpg,f2wKE
1767.jpg,BjMH
1768.jpg,5D5R
1769.jpg,gKs1
1770.jpg,UvloqCs
1771.jpg,PW8KGg9
1772.jpg,b6GV
1773.jpg,Z6mI
1774.jpg,YDx3
1775.jpg,R2cDrS
1776.jpg,Fh7h
1777.jpg,4dQlcR
1778.jpg,Q8qmNQ3L
1779.jpg,aJogqYXY
1780.jpg,Yub3vui
1781.jpg,JMgV
1782.jpg,0YD6I
1783.jpg,OHmSafB
1784.jpg,vtjVl
1785.jpg,Irio
1786.jpg,sw1Q
1787.jpg,jkZ5Cz6h
1788.jpg,YJv8AXGl
1789.jpg,YZfuw
1790.jpg,CJvkZ1P
1791.jpg,U2W2A
1792.jpg,xIE8
1793.jpg,1IBY9
1794.jpg,0XAp
1795.jpg,zF8mC
1796.jpg,cCVD
1797.jpg,i2aHPl
1798.jpg,pqCyfXVd
1799.jpg,wGXtE
1800.jpg,XWKk1
1801.jpg,8FcKXc
1802.jpg,v8lAn
1803.jpg,ejznjOH
1804.jpg,eIgPwE0b
1805.jpg,uDYmVIaH
1806.jpg,nNRlfaR
1807.jpg,a7KrkSo
1808.jpg,vUmWXA
1809.jpg,Uhc5f
1810.jpg,aROsW1n
1811.jpg,o4dsEBM
1812.jpg,eChWM
1813.jpg,ThjX
1814.jpg,MJAAwOB
1815.jpg,G2BWs2F6
1816.jpg,JCEB92t
1817.jpg,zWXkHjlV
1818.jpg,dy3e0hY6
1819.jpg,TI0j
1820.jpg,NtX7gFaa
1821.jpg,HAe8
1822.jpg,onEQp9W9
1823.jpg,qL4v
1824.jpg,btd8A2in
1825.jpg,oQ5UXvI
1826.jpg,fva30
1827.jpg,nLwJHurc
1828.jpg,9MWYynO
1829.jpg,5H17lO
1830.jpg,tzPj
1831.jpg,qIVZbD
1832.jpg,r9oq5W0
1833.jpg,ltSo
1834.jpg,BfdiZH
1835.jpg,bKdKx
1836.jpg,oPavKQOh
1837.jpg,NMIoxvl
1838.jpg,ODH8pe
1839.jpg,P3dP2
1840.jpg,xBScumxn
1841.jpg,0QhH0Wp
1842.jpg,Cv2J
1843.jpg,wgd3IRlE
1844.jpg,H3FOrQdW
1845.jpg,fB7r
1846.jpg,9232QNsi
1847.jpg,NoU4BM
1848.jpg,kqFaYcjC
1849.jpg,z7sQjx
1850.jpg,RDVVf
1851.jpg,asEI3pG
1852.jpg,24DiC
1853.jpg,UeBpWg5z
1854.jpg,K2nj
1855.jpg,0HLH
1856.jpg,9FO21
1857.jpg,uKkUb
1858.jpg,rsipSr
1859.jpg,NW5E
1860.jpg,tjpG
1861.jpg,bizAiwA
1862.jpg,l0ThGH
1863.jpg,tn8et3G
1864.jpg,ht5x
1865.jpg,vC1rQvZR
1866.jpg,Ou2x4S7P
1867.jpg,ltCVtSlW
1868.jpg,Epx4V
1869.jpg,JWkd
1870.jpg,45Bva93V
1871.jpg,Wa3pIC
1872.jpg,XFm7OL
1873.jpg,G8PhIv5
1874.jpg,XIDXM
1875.jpg,kP2Sui
1876.jpg,FV626e22
1877.jpg,hqpm
1878.jpg,dZbza
1879.jpg,Xqx7
1880.jpg,1Pgqb
1881.jpg,PEVhFjJ
1882.jpg,HeSG
1883.jpg,PL8ghkW
1884.jpg,XGbqzYK
1885.jpg,hGTTIi
1886.jpg,JmMdn
1887.jpg,r3YkZI
1888.jpg,b6AON15
1889.jpg,qAv6jrUH
1890.jpg,qoJzfXPD
1891.jpg,kb0w
1892.jpg,iiJpNd
1893.jpg,KxdtA97u
1894.jpg,T8gTVV
1895.jpg,jMFj
1896.jpg,MUuRs
1897.jpg,haSB
1898.jpg,zNrO
1899.jpg,GqREiRX
1900.jpg,xjuUx
1901.jpg,KQSO4w
1902.jpg,Fssc1v
1903.jpg,Gymv
1904.jpg,UW8x9A
1905.jpg,HblT
1906.jpg,VduxvG
1907.jpg,F1meOVIs
1908.jpg,KWVEZc
1909.jpg,K0HO2
1910.jpg,WM7Qj9A
1911.jpg,K1odnI9
1912.jpg,ZnG6XfyY
1913.jpg,LY9BKRiN
1914.jpg,xofYne
1915.jpg,QCFoZp
1916.jpg,pKwmI
1917.jpg,WlAxEx
1918.jpg,4K78
1919.jpg,oYfR
1920.jpg,LHse
1921.jpg,IP1Y9
1922.jpg,rCHDai
1923.jpg,JILYR
1924.jpg,wkCB
1925.jpg,so62s
1926.jpg,Y8fjY73F
1927.jpg,o81gf
1928.jpg,ZcpH
1929.jpg,mLVz
1930.jpg,k2HuTN
1931.jpg,KIHn0
1932.jpg,IckKhd
1933.jpg,bI9mA4U3
1934.jpg,pSSr
1935.jpg,2Zgsh
1936.jpg,322P
1937.jpg,rlKuKFlE
1938.jpg,tpVTalnQ
1939.jpg,UO8WvGg
1940.jpg,jxli8g1M
1941.jpg,i5BFq
1942.jpg,D4X7
1943.jpg,TexddFIN
1944.jpg,AeSESOpw
1945.jpg,6HdJaFso
1946.jpg,ewu1GCk
1947.jpg,Vgcz9
1948.jpg,pomkmlF
1949.jpg,oZwi3OUE
1950.jpg,PD3i1ZML
1951.jpg,63uS
1952.jpg,cb42
1953.jpg,HW6ZHRf
1954.jpg,79bYr7q
1955.jpg,LL3CN
1956.jpg,00Wvfg
1957.jpg,gRFg
1958.jpg,Wk2cTM
1959.jpg,xGDi
1960.jpg,RwrxQ
1961.jpg,Orsw3
1962.jpg,MvoFew
1963.jpg,9AN5
1964.jpg,8NeoPLXs
1965.jpg,gKR6f6Po
1966.jpg,n0hU6h
1967.jpg,NdtZ
1968.jpg,vA2Zb2mL
1969.jpg,JEEhIi09
1970.jpg,tX99RV
1971.jpg,l6FTt5nw
1972.jpg,SBD9OJB
1973.jpg,NvLv0L
1974.jpg,qqlE
1975.jpg,wpkk9e
1976.jpg,XxePCh
1977.jpg,RRVAxB
1978.jpg,YBh7rN
1979.jpg,xx3FH4m
1980.jpg,PeHu
1981.jpg,wS5vAcMT
1982.jpg,28r49
1983.jpg,vbJkPegO
1984.jpg,cKVtKGsJ
1985.jpg,sa0h
1986.jpg,sodimHw6
1987.jpg,uIB0LL9
1988.jpg,aLXyZK
1989.jpg,qy2QoG
1990.jpg,waix
1991.jpg,DmUp
1992.jpg,qPvMNZ
1993.jpg,qk9Mq
1994.jpg,yEMNB1n
1995.jpg,EHS3k
1996.jpg,FD4D8n
1997.jpg,QByl
1998.jpg,ZpQZoek
1999.jpg,n6gDwBHt
2000.jpg,cqp20U
2001.jpg,tMZPEg9c
2002.jpg,xMkdg
2003.jpg,X3CHdK
2004.jpg,oJ8r
2005.jpg,4XufeJq
2006.jpg,QE216mS
2007.jpg,JPLyL
2008.jpg,lBL5iARW
2009.jpg,LKnYgZ
2010.jpg,URD5JJ
2011.jpg,hkmk
2012.jpg,dDbCxM
2013.jpg,4Fa4S7
2014.jpg,FcoE
2015.jpg,IbDn
2016.jpg,572Mw
2017.jpg,69D0
2018.jpg,8do7
2019.jpg,fabm
2020.jpg,Qj6vNUG9
2021.jpg,QeSeM
2022.jpg,6D6udN
2023.jpg,QJMx
2024.jpg,oQfDsi
2025.jpg,PgiwYOC
2026.jpg,QexziW
2027.jpg,dbMe
2028.jpg,bpY819
2029.jpg,rVQ9fQKk
2030.jpg,HbDfCp
2031.jpg,0Gy0JH
2032.jpg,ttRzyo9H
2033.jpg,CwGV8
2034.jpg,OgGABK
2035.jpg,EN92
2036.jpg,LHxRs
2037.jpg,D7UI
2038.jpg,qMiUDN
2039.jpg,4EgQv
2040.jpg,k29Sh
2041.jpg,vEhTco9k
2042.jpg,s2WF
2043.jpg,7cVigM
2044.jpg,5MDa
2045.jpg,sZ62
2046.jpg,ocI8Ig
2047.jpg,i2W1B
2048.jpg,I69Ygoo
2049.jpg,lHFPc8
2050.jpg,vumFSPmh
2051.jpg,RQu8
2052.jpg,RsIsN
2053.jpg,K3VgM90y
2054.jpg,8PrqOoyD
2055.jpg,BK0Y
2056.jpg,QUM7z
2057.jpg,Qo1q
2058.jpg,g0Fk
2059.jpg,xbOsao
2060.jpg,pDM650A
2061.jpg,tU7cZILP
2062.jpg,hY1aFMg
2063.jpg,BEpdx7
2064.jpg,WZD6ne
2065.jpg,p2sYJXPl
2066.jpg,3KogOG
2067.jpg,v7tWe
2068.jpg,qzyaKn
2069.jpg,4p7G
2070.jpg,OP30
2071.jpg,4zTNIV7Z
2072.jpg,EiETs
2073.jpg,cFLBm
2074.jpg,zHLMbG1m
2075.jpg,JWMUIFlU
2076.jpg,EwmO9
2077.jpg,H4G7Oh
2078.jpg,RyQ81
2079.jpg,Qa2CpJR
2080.jpg,ZsxtMRAx
2081.jpg,OGk9RoF
2082.jpg,IIQpxt51
2083.jpg,wgCQ9
2084.jpg,7kac5VkY
2085.jpg,UeeZv
2086.jpg,MgRBKD
2087.jpg,poUn6S8R
2088.jpg,UOFs
2089.jpg,PDXua7m7
2090.jpg,8fH6ie
2091.jpg,hr5kw9r
2092.jpg,5SIGy2j
2093.jpg,wLJhZM
2094.jpg,9pCdkPz
2095.jpg,pWrQuUCK
2096.jpg,5M1O
2097.jpg,sR6qAg6
2098.jpg,9dkM1
2099.jpg,ltkC
2100.jpg,5dQZ
2101.jpg,5hSgIXgi
2102.jpg,RAcBc
2103.jpg,hVfb
2104.jpg,sXVmG1L
2105.jpg,ytkZ
2106.jpg,4V4RN0ez
2107.jpg,5XDAH6
2108.jpg,zm610
2109.jpg,sZIG4Y
2110.jpg,PaWwYWZN
2111.jpg,Y7Gmv8
2112.jpg,94cRHHN
2113.jpg,pNZxA9W
2114.jpg,xin9
2115.jpg,5oOAQDpB
2116.jpg,FGWP
2117.jpg,521ZV4Mz
2118.jpg,HRwN4EkT
2119.jpg,fUP94tEU
2120.jpg,3sItN
2121.jpg,mNtfrVQ
2122.jpg,1SlmKgxS
2123.jpg,vAiSQlf
2124.jpg,CXdYaye
2125.jpg,uwlptlA
2126.jpg,ttbNtXq
2127.jpg,o3yf
2128.jpg,6jlDZdRY
2129.jpg,9P3Me9x
2130.jpg,DMzh7JC
2131.jpg,W0XxFT
2132.jpg,y2XxdEq
2133.jpg,rSwK
2134.jpg,JB5E5
2135.jpg,ZlcnyyB
2136.jpg,yogLfpf
2137.jpg,NqKd2Vv
2138.jpg,3SVMr
2139.jpg,6mSvC8P
2140.jpg,Sz1J
2141.jpg,8kRV
2142.jpg,Zxhq
2143.jpg,jwuCIiQb
2144.jpg,CPZv5rU4
2145.jpg,ppuO
2146.jpg,7zjZhkwg
2147.jpg,JTydavi
2148.jpg,ZCqZO5m
2149.jpg,AepBzi
2150.jpg,WhHkoG
2151.jpg,RQqfgwYs
2152.jpg,2vXgKGdE
2153.jpg,BJZyAbXW
2154.jpg,v6Yw
2155.jpg,fXzgOV2
2156.jpg,xpOieMPv
2157.jpg,iOtdDzJ
2158.jpg,JL8u4
2159.jpg,olcqeEg
2160.jpg,kgTE3TH
2161.jpg,aNrJSs0n
2162.jpg,cAVDaca2
2163.jpg,KwUW
2164.jpg,ozib9T0
2165.jpg,9Hkmo
2166.jpg,oQal
2167.jpg,86Vq
2168.jpg,sCluYNDg
2169.jpg,7n57
2170.jpg,DKpZp
2171.jpg,9S3l8h
2172.jpg,MMw5
2173.jpg,VVHttt
2174.jpg,IUy7
2175.jpg,Gil6
2176.jpg,6KzufZy
2177.jpg,LC19x
2178.jpg,MokoT
2179.jpg,rXiS3vp
2180.jpg,uK0S
2181.jpg,5tVxM
2182.jpg,UZibPF7
2183.jpg,guAzZ
2184.jpg,SuC6wiWm
2185.jpg,NOU4XE
2186.jpg,ACjCc
2187.jpg,kx5d
2188.jpg,8YpjP
2189.jpg,od4N
2190.jpg,MNGyWME
2191.jpg,rdiugzcv
2192.jpg,irWa
2193.jpg,GjveT3R
2194.jpg,gS4lHzJF
2195.jpg,19ULQ
2196.jpg,hnHOXya
2197.jpg,9pMVtzC
2198.jpg,a6bKh8
2199.jpg,Ak2m
2200.jpg,4yUVKrCb
2201.jpg,ZZZp5wXg
2202.jpg,zVSKixX
2203.jpg,JNy4z
2204.jpg,JKTUc
2205.jpg,lY5jDf4
2206.jpg,ZxWY
2207.jpg,TXLWxNAu
2208.jpg,1FQQnT
2209.jpg,mn2CGV
2210.jpg,nAJ8YGej
2211.jpg,Rmgy
2212.jpg,6HVvw
2213.jpg,fJEP45
2214.jpg,k3fZCQ
2215.jpg,P1tJtcU
2216.jpg,JMErdd
2217.jpg,NF9dw6Xq
2218.jpg,phGXJhb
2219.jpg,2MniDdb
2220.jpg,RZiMLAJI
2221.jpg,HWBcryU
2222.jpg,T0zasC
2223.jpg,UDJloQf
2224.jpg,0hnHAJr
2225.jpg,GXAvm
2226.jpg,IuvVGFgM
2227.jpg,LTst
2228.jpg,mSQmvay
2229.jpg,XjT8Hu
2230.jpg,xm9GOauq
2231.jpg,luVR4kI
2232.jpg,Aku7bTVB
2233.jpg,23zdZ
2234.jpg,LQSnWA
2235.jpg,uE87D
2236.jpg,Ethm
2237.jpg,3H91v4
2238.jpg,YnId
2239.jpg,zAtH0sGn
2240.jpg,MwwF
2241.jpg,lAHwIE
2242.jpg,O1ur
2243.jpg,zsVp
2244.jpg,eTyR
2245.jpg,6GOp
2246.jpg,XsV9
2247.jpg,0BxMJBVi
2248.jpg,qu6EY3Eh
2249.jpg,ZbRHT
2250.jpg,bqm0F
2251.jpg,lOLBgIr
2252.jpg,6JIA7r
2253.jpg,HMdH
2254.jpg,E89E
2255.jpg,5QCt2S6B
2256.jpg,kzt0hmj
2257.jpg,X6vyXyJ
2258.jpg,Sti0
2259.jpg,WXIpNfy
2260.jpg,QZPqyi
2261.jpg,8zlYu
2262.jpg,A3rmU
2263.jpg,J7azNst
2264.jpg,i5JiGb4b
2265.jpg,bXEW5c
2266.jpg,nqGrvJcX
2267.jpg,z2KPK8q
2268.jpg,RLDGGt
2269.jpg,hxyqvsCS
2270.jpg,EaJJ0
2271.jpg,ZT0b4
2272.jpg,0H8vZX2
2273.jpg,PRKBpj
2274.jpg,jrRqa6
2275.jpg,b7JDcNp
2276.jpg,CJvw
2277.jpg,bcaRsbV
2278.jpg,WOmlSFe
2279.jpg,sbcfKK71
2280.jpg,P5x4
2281.jpg,lSqyUt
2282.jpg,LIInkX
2283.jpg,s23IMlc
2284.jpg,I7doB90O
2285.jpg,sRNRpfiE
2286.jpg,LKoNxha0
2287.jpg,F3isLreT
2288.jpg,CUDD
2289.jpg,y6T8s2L
2290.jpg,pNinn
2291.jpg,ZUAy
2292.jpg,eufR
2293.jpg,nctJRO
2294.jpg,Gb9CO3
2295.jpg,NatfJy
2296.jpg,K63yK
2297.jpg,JEoHY
2298.jpg,Ndlwah
2299.jpg,k0RwtwL
2300.jpg,UTX9
2301.jpg,r59W
2302.jpg,VXAY
2303.jpg,OYSo
2304.jpg,Avr6z
2305.jpg,OyNF
2306.jpg,0WssgW
2307.jpg,foZT
2308.jpg,uLABXfN
2309.jpg,6UBhE
2310.jpg,irEFTTvb
2311.jpg,LIe7
2312.jpg,gIO4za
2313.jpg,QiKg1C8X
2314.jpg,6KR1xmD
2315.jpg,IyEsaS
2316.jpg,9uzH
2317.jpg,g6OXt5
2318.jpg,mlQSk
2319.jpg,icgJ7Y
2320.jpg,4vWDuhu
2321.jpg,6U9Zl
2322.jpg,oYU8
2323.jpg,0mcgeM
2324.jpg,fT7Rs
2325.jpg,u8q3
2326.jpg,WFBwrJB1
2327.jpg,uHcTWOd
2328.jpg,eoKssI
2329.jpg,VHDwkv
2330.jpg,DVtuqA8
2331.jpg,PrpO
2332.jpg,H5T4xjW
2333.jpg,c52Gle0d
2334.jpg,jIA4bqm
2335.jpg,YsYKfKpP
2336.jpg,bkLTve
2337.jpg,bUxXtS9b
2338.jpg,R1jLHj
2339.jpg,3rCtrc
2340.jpg,0fuiRyF
2341.jpg,7HG9sG
2342.jpg,Crc3j
2343.jpg,HskcnYYM
2344.jpg,AP0jhFL
2345.jpg,8McbfSl
2346.jpg,W95JVrp
2347.jpg,ecgUJe
2348.jpg,eBA9q1u
2349.jpg,Iu2u5
2350.jpg,b7VK7
2351.jpg,tCnf1
2352.jpg,3X4F
2353.jpg,a9jYVI
2354.jpg,Vjya
2355.jpg,Ljw6xX
2356.jpg,NPBlY9
2357.jpg,8kcJ
2358.jpg,YwAA8JwN
2359.jpg,9phk4Gdw
2360.jpg,kM1WPR
2361.jpg,DoGAqb8
2362.jpg,NV8PyiX
2363.jpg,SL3Q0X4K
2364.jpg,JYsLHyH2
2365.jpg,4g0yfc
2366.jpg,KBon5m1
2367.jpg,QxFubcm
2368.jpg,Cq5nz8j
2369.jpg,TJcBmeH
2370.jpg,qnn63
2371.jpg,DWp1mCjc
2372.jpg,6f4Mk4uo
2373.jpg,IVxzwQq
2374.jpg,4Dw0
2375.jpg,Uvbx
2376.jpg,SdBeyz
2377.jpg,afxe
2378.jpg,00nAqlxX
2379.jpg,XGkbKx7p
2380.jpg,GZhM
2381.jpg,0Opnx
2382.jpg,47j7x
2383.jpg,ppfy
2384.jpg,OXlM0lpR
2385.jpg,OeaJ
2386.jpg,0uCfiDBK
2387.jpg,S6DNzay
2388.jpg,5AmeFj
2389.jpg,7un8
2390.jpg,Bhog8H
2391.jpg,N0l3G
2392.jpg,Crf3
2393.jpg,CwuZ
2394.jpg,hM4p5sN
2395.jpg,83vz3w
2396.jpg,4wKh
2397.jpg,Xw8mQ
2398.jpg,xeuJV
2399.jpg,NxJgZxUQ
2400.jpg,GYN0cs
2401.jpg,zT0MW1jT
2402.jpg,k37Bo
2403.jpg,Vx5xhF
2404.jpg,O3x6t
2405.jpg,Jpho
2406.jpg,ZQAM
2407.jpg,99FEmR
2408.jpg,zHTtK
2409.jpg,CLEgvy
2410.jpg,mitCC
2411.jpg,Hb7gsO5y
2412.jpg,zjfxExMx
2413.jpg,yXTh
2414.jpg,8tUPDp
2415.jpg,7WSq8zVx
2416.jpg,lkFlr
2417.jpg,NTfrQwiL
2418.jpg,GQpP
2419.jpg,qsPxY
2420.jpg,PUP9MUVw
2421.jpg,kMnQBQs2
2422.jpg,QDyDU
2423.jpg,b3cNRF5
2424.jpg,r6MP
2425.jpg,fjmSs
2426.jpg,rqEhdAj
2427.jpg,yq3pu1
2428.jpg,W1Bsx9B
2429.jpg,3dqEet1
2430.jpg,GkV1mw
2431.jpg,4bnKla9
2432.jpg,tA78J
2433.jpg,xQ9Mm
2434.jpg,F8Ej2
2435.jpg,n8zvV
2436.jpg,ln3WJNY
2437.jpg,ckTBZFv
2438.jpg,RwGJ
2439.jpg,qGzUXe
2440.jpg,Ee8G1KGk
2441.jpg,b2ld
2442.jpg,5YTDyem
2443.jpg,eNccmB
2444.jpg,VqoR
2445.jpg,aNEV
2446.jpg,XJ9u
2447.jpg,ZKcmV
2448.jpg,q2bO
2449.jpg,gNwusX
2450.jpg,7Skwf
2451.jpg,qCIIS
2452.jpg,O9frhvge
2453.jpg,DbNhf
2454.jpg,WGsEP0Wu
2455.jpg,Prw4
2456.jpg,MEvy
2457.jpg,D4P8
2458.jpg,bV2st21
2459.jpg,YYfYueFn
2460.jpg,1AbHRq
2461.jpg,f5nbuqvm
2462.jpg,MXEpub
2463.jpg,dJ9e3
2464.jpg,MW1hkmu
2465.jpg,oBGuabM
2466.jpg,5mfjdg9R
2467.jpg,WRuKyjH
2468.jpg,E2z8ROx1
2469.jpg,kaHUW5N
2470.jpg,5qmoz
2471.jpg,yNNdidC
2472.jpg,BDPfz
2473.jpg,K8553Zkg
2474.jpg,LzNL
2475.jpg,wUIlI5l
2476.jpg,4LEEWO
2477.jpg,vj3rIthX
2478.jpg,ZYXiPC
2479.jpg,EGlAz76F
2480.jpg,x9Yk0
2481.jpg,pKRRPQ3
2482.jpg,a95d
2483.jpg,B3mLOJ
2484.jpg,Ox9n5Cj
2485.jpg,PVV2Lfl
2486.jpg,fFiShzsm
2487.jpg,a2pkYak9
2488.jpg,YmKpG2
2489.jpg,so5XX4
2490.jpg,sVTe
2491.jpg,g1epDafA
2492.jpg,gvGlG
2493.jpg,BKoTS
2494.jpg,f7B1MJqX
2495.jpg,Ltvem
2496.jpg,n1RAN6m4
2497.jpg,HOZALY4
2498.jpg,p1aE9te
2499.jpg,dSjjfgby
2500.jpg,Vr6h
2501.jpg,pxHay
2502.jpg,fdvpJea
2503.jpg,CoE4vmd
2504.jpg,4SqEXzV
2505.jpg,hJJFjS
2506.jpg,JqPJ6
2507.jpg,sT1pAUx
2508.jpg,zw4YZQM
2509.jpg,8mV9YN
2510.jpg,yRPJ
2511.jpg,n2hgP
2512.jpg,stWv
2513.jpg,NsrX8E
2514.jpg,alBTTX
2515.jpg,bL6JzoyY
2516.jpg,AdR37
2517.jpg,Kzc0mpT
2518.jpg,mmfoK
2519.jpg,Uuz2
2520.jpg,7XcGO
2521.jpg,BPkd
2522.jpg,ULxHhWp5
2523.jpg,eXbeBy
2524.jpg,7iJh
2525.jpg,hFkJQeeA
2526.jpg,2L42l4TI
2527.jpg,qU1cO1
2528.jpg,FK3cr
2529.jpg,b2I2lUiF
2530.jpg,3ZNAgZP8
2531.jpg,wUYKnR
2532.jpg,g2RW2
2533.jpg,j6h7
2534.jpg,FT4VH1Ze
2535.jpg,oaUG
2536.jpg,7MSI
2537.jpg,uhNb
2538.jpg,XmB3lQt
2539.jpg,UEhQL
2540.jpg,ULGa
2541.jpg,O9JD
2542.jpg,vm82DAOM
2543.jpg,VLrHk7H
2544.jpg,RIeWAOmJ
2545.jpg,qJiom
2546.jpg,kvtqT
2547.jpg,VAxXEyif
2548.jpg,IJcEZ
2549.jpg,BVAAxA
2550.jpg,IeJABMVJ
2551.jpg,JHE9m
2552.jpg,PZX68
2553.jpg,TjpPg
2554.jpg,1aoVdeq8
2555.jpg,7Pwpv2A
2556.jpg,yil9GpY
2557.jpg,XJOthD
2558.jpg,7k0t0
2559.jpg,osR4fKRw
2560.jpg,8yIk08
2561.jpg,jT79ZS
2562.jpg,zoCGV0o
2563.jpg,viqffT
2564.jpg,Y8R0l
2565.jpg,nhennHJE
2566.jpg,UxGB
2567.jpg,sqO5iqmX
2568.jpg,UEddMGih
2569.jpg,ey5bqYH
2570.jpg,Y62r2
2571.jpg,S3jupiC
2572.jpg,TibQavDu
2573.jpg,B7IKLT
2574.jpg,YjjY
2575.jpg,VnrVAa1E
2576.jpg,Bkr10
2577.jpg,BqiLQ
2578.jpg,d3RVyh5a
2579.jpg,6wyNU6
2580.jpg,rsfYcozH
2581.jpg,SWrEkt
2582.jpg,tnRL1OS
2583.jpg,XHyw5t
2584.jpg,dgbhN
2585.jpg,kw5LNTR
2586.jpg,GMCnw
2587.jpg,7V58LA
2588.jpg,iArS5s
2589.jpg,stjHfhd
2590.jpg,HFs1Zu
2591.jpg,t79Ct
2592.jpg,MU26LW
2593.jpg,3PlM
2594.jpg,ccaGgr1
2595.jpg,f2y4ZG
2596.jpg,L0ELQf
2597.jpg,6cRy4
2598.jpg,H0KFG74
2599.jpg,IUpX
2600.jpg,Fxsj
2601.jpg,idX4
2602.jpg,RHZ7
2603.jpg,LBQWlJ
2604.jpg,pYUR7
2605.jpg,S99GR
2606.jpg,vGH21BZ
2607.jpg,CVg0i
2608.jpg,NSYlu39
2609.jpg,Q8zj7
2610.jpg,PeiEyry
2611.jpg,AHCB9
2612.jpg,flDVo
2613.jpg,ZDnAq
2614.jpg,hKkt
2615.jpg,Zbof7WUU
2616.jpg,aL29K
2617.jpg,xMvtX
2618.jpg,lwee
2619.jpg,ebhMD
2620.jpg,YjQ5a2
2621.jpg,7AnFrt
2622.jpg,68ln5
2623.jpg,kosbv
2624.jpg,pT0jeyg
2625.jpg,L8IvL8
2626.jpg,dhrXVXj
2627.jpg,7ny1WSyE
2628.jpg,hZZDd
2629.jpg,7Ff0
2630.jpg,aMB75K
2631.jpg,p63v
2632.jpg,hJ41
2633.jpg,uEaIb
2634.jpg,R0m8
2635.jpg,sX7dC
2636.jpg,dCGnm
2637.jpg,Fjf2ZGFj
2638.jpg,87sNNuc
2639.jpg,ZU9JNd
2640.jpg,KiQwa
2641.jpg,BOMeul
2642.jpg,HXR2XC
2643.jpg,qNWl8X
2644.jpg,nLrTJyI1
2645.jpg,rTPT
2646.jpg,YyvZX8q
2647.jpg,hcKUj
2648.jpg,1Cn7S
2649.jpg,0TzbyO
2650.jpg,6rdeZq5
2651.jpg,0rU7
2652.jpg,CwdsTeHs
2653.jpg,pqVG
2654.jpg,Er3yCGU
2655.jpg,oawvf
2656.jpg,UfDvWxD
2657.jpg,Nd3A
2658.jpg,3R5T3
2659.jpg,Dfbj
2660.jpg,qMPeB
2661.jpg,dVUKd
2662.jpg,6MaY9P
2663.jpg,QUnbv
2664.jpg,HvI8XpVH
2665.jpg,Fgtz205x
2666.jpg,H56hy
2667.jpg,hKshxB4
2668.jpg,niP8r
2669.jpg,qSMXx
2670.jpg,KKvzE
2671.jpg,HBh0cD
2672.jpg,t8csnd5
2673.jpg,PzuGvbKt
2674.jpg,Hij0HPd
2675.jpg,paiKhE
2676.jpg,ALypO
2677.jpg,YvTfY
2678.jpg,4zrOXNp
2679.jpg,46f77bK8
2680.jpg,KuLsMsp
2681.jpg,VydYb
2682.jpg,3dUrO4uP
2683.jpg,XxbLW
2684.jpg,iZMDU
2685.jpg,VEa00
2686.jpg,6nitBz
2687.jpg,5jJOEs
2688.jpg,2FIz
2689.jpg,RDTQKg
2690.jpg,k5ARZk
2691.jpg,OjSgfib0
2692.jpg,j8n12wYW
2693.jpg,5Ldjq
2694.jpg,AdAqiq6
2695.jpg,kkvlHy30
2696.jpg,JloJu
2697.jpg,cA1E
2698.jpg,qZoF
2699.jpg,guRC
2700.jpg,BDhpK
2701.jpg,cQzEtDDT
2702.jpg,3kxCZVBP
2703.jpg,Vj5l
2704.jpg,l6OM50mv
2705.jpg,mgQeh
2706.jpg,wIA5
2707.jpg,N25FhtD
2708.jpg,Fo2i
2709.jpg,acFAa
2710.jpg,jRWK
2711.jpg,h5pW
2712.jpg,JIPQT2
2713.jpg,j6CfrO
2714.jpg,k2SCMi
2715.jpg,eAFS
2716.jpg,1MeCV
2717.jpg,PNx4
2718.jpg,Kw4xr01L
2719.jpg,sFI7cQ9D
2720.jpg,OrOvL
2721.jpg,ZIU0O
2722.jpg,CJP4Z
2723.jpg,H6Xg
2724.jpg,6Q1G
2725.jpg,kp64gcH
2726.jpg,BqXpvm
2727.jpg,Jklo
2728.jpg,PJsClXDw
2729.jpg,TogiFqbm
2730.jpg,OIX5W
2731.jpg,VGV5
2732.jpg,BFHLmTd
2733.jpg,gWaKl3v
2734.jpg,DhRWjKri
2735.jpg,NUHgwNk
2736.jpg,IVdM
2737.jpg,YgkFk
2738.jpg,lSUj7YTW
2739.jpg,KnKeDUiX
2740.jpg,aXDv
2741.jpg,ahn3HTv
2742.jpg,VHFY02DF
2743.jpg,EflQSvdK
2744.jpg,ni3lPjp
2745.jpg,0IhBH9ZE
2746.jpg,iMjW
2747.jpg,t4lC
2748.jpg,c8ODta
2749.jpg,RB7Gn3mt
2750.jpg,5mKaMYy
2751.jpg,RmrC
2752.jpg,MGrk
2753.jpg,DcrAt
2754.jpg,mk7m1xs
2755.jpg,vzxRrM5
2756.jpg,OlHj
2757.jpg,NgDE
2758.jpg,JtS4upY
2759.jpg,J52D
2760.jpg,xyQOhtS
2761.jpg,TtZwmi2
2762.jpg,KkVQkWl
2763.jpg,iL2Q
2764.jpg,WXqEsdm
2765.jpg,F5Odagnn
2766.jpg,tX2qURPL
2767.jpg,6Wa2jN
2768.jpg,NcDPygQ
2769.jpg,eVYES
2770.jpg,78oaaw
2771.jpg,voYqMcbY
2772.jpg,HdUN
2773.jpg,a5m6ooqQ
2774.jpg,qS3u
2775.jpg,p0Mq
2776.jpg,8hDg
2777.jpg,laPI0YE
2778.jpg,vOFwX2
2779.jpg,j3R0Af
2780.jpg,llHAlyN
2781.jpg,MwruB6c
2782.jpg,YJ9G6
2783.jpg,sVZ6Gj7
2784.jpg,q2MBUN
2785.jpg,RLPdDu
2786.jpg,BEfDI
2787.jpg,ES6WK8nN
2788.jpg,kN4QbuxA
2789.jpg,YueasuS
2790.jpg,lp7LQ
2791.jpg,qSefR
2792.jpg,aPXIF42g
2793.jpg,cAjNS7L5
2794.jpg,5d8Acay3
2795.jpg,FrWW
2796.jpg,JHC0
2797.jpg,vsstLU
2798.jpg,QiA8dm
2799.jpg,tPTa
2800.jpg,WMbxy7d
2801.jpg,SUvYD
2802.jpg,htTJytjP
2803.jpg,RU9wZ
2804.jpg,sJKNz
2805.jpg,Pk1t
2806.jpg,esl3h
2807.jpg,wrrcIV
2808.jpg,TXKN2w4l
2809.jpg,JT99B
2810.jpg,3Sd1ft
2811.jpg,hM08uc
2812.jpg,Aha9On2
2813.jpg,H1Xt
2814.jpg,OYhOvGs9
2815.jpg,mq6Pa37
2816.jpg,ANiZK
2817.jpg,Cm2LRVhX
2818.jpg,IMsE
2819.jpg,YNspLLFY
2820.jpg,mnBV63D
2821.jpg,7UBO49
2822.jpg,gtjNktI
2823.jpg,lJeeVG
2824.jpg,3gRsNXs
2825.jpg,dgjbyutq
2826.jpg,FjXR
2827.jpg,p1IN1
2828.jpg,FtkM
2829.jpg,aN58ZyqB
2830.jpg,uqeVuq
2831.jpg,438poDoW
2832.jpg,uykk
2833.jpg,j5uqA9Lb
2834.jpg,9Dyo
2835.jpg,EtWG5
2836.jpg,AGJ3FAth
2837.jpg,yareI4K
2838.jpg,7A02
2839.jpg,81fMq
2840.jpg,DrDk98
2841.jpg,OEuw24
2842.jpg,7iwMs
2843.jpg,qdLd50tP
2844.jpg,A1S9G0u
2845.jpg,iQjINn2
2846.jpg,lIjcJ1c
2847.jpg,kSKf14w
2848.jpg,FrYN
2849.jpg,KFQvSH
2850.jpg,grC6IFu
2851.jpg,TIUo
2852.jpg,HNbykD
2853.jpg,rKkYm7J
2854.jpg,0CFsr5
2855.jpg,T54mEF
2856.jpg,9VPC
2857.jpg,1zzVeab
2858.jpg,TQOL3
2859.jpg,b8SvM3dH
2860.jpg,Tt08Q6G
2861.jpg,eJvjywc
2862.jpg,9Fu0hp
2863.jpg,LAqa5
2864.jpg,UYY9oju
2865.jpg,c7zb
2866.jpg,tjrFbVy
2867.jpg,Qea8KK
2868.jpg,66Bf
2869.jpg,EvH3
2870.jpg,LZe2oVG
2871.jpg,YiIq
2872.jpg,bPEVvGQe
2873.jpg,lxZPRVjV
2874.jpg,mNcVB
2875.jpg,2kZn
2876.jpg,nGlGUPn
2877.jpg,5Ii7
2878.jpg,6soZGs8
2879.jpg,CogtK
2880.jpg,ZiPd
2881.jpg,snfSkKh
2882.jpg,I2Ds6e9
2883.jpg,HVpfnV
2884.jpg,wJxZwK
2885.jpg,NkrVi0o
2886.jpg,DCRO9O1y
2887.jpg,4AGl
2888.jpg,RjKL3C
2889.jpg,QBcDP4FD
2890.jpg,qJQA
2891.jpg,njhoqg
2892.jpg,UH2LL
2893.jpg,cs1Xr
2894.jpg,UM4C
2895.jpg,3hovF
2896.jpg,HS1Th
2897.jpg,mdezNIJp
2898.jpg,4SVb
2899.jpg,UDVF56H
2900.jpg,jSYDb
2901.jpg,rhBA
2902.jpg,rVMf8K
2903.jpg,1RKqg
2904.jpg,vwS5hn8N
2905.jpg,GASA3
2906.jpg,ZuFh0S
2907.jpg,WJ2m4H
2908.jpg,SUAi2H
2909.jpg,OSYUpu3f
2910.jpg,tgEX1Y
2911.jpg,qeIPshq8
2912.jpg,9IdRc
2913.jpg,MQDTu8P6
2914.jpg,GKq1h
2915.jpg,DvlMinL
2916.jpg,dSxig4
2917.jpg,YrJdW
2918.jpg,nYR68kcl
2919.jpg,wH82jj
2920.jpg,MpRWHMPE
2921.jpg,uRXsAb
2922.jpg,dxxjSt
2923.jpg,GwhTm
2924.jpg,UNren6qZ
2925.jpg,xufe3SB3
2926.jpg,rLzacq
2927.jpg,dd5v0ga
2928.jpg,8kEqaBJ5
2929.jpg,mbPO
2930.jpg,0kHmA
2931.jpg,fsjSUc
2932.jpg,snzV9w
2933.jpg,eXd9
2934.jpg,uiCJQ
2935.jpg,dkqJ
2936.jpg,xtQVa3mI
2937.jpg,B4RQU
2938.jpg,ekwz4sI
2939.jpg,zMRdTBT
2940.jpg,2znA
2941.jpg,s3szFF
2942.jpg,8jCX
2943.jpg,x1wykG
2944.jpg,yNx0
2945.jpg,AQadH2O
2946.jpg,gofK
2947.jpg,27rXg
2948.jpg,bL8Rm
2949.jpg,NqVnz
2950.jpg,Iv2B
2951.jpg,RkYt1Xn
2952.jpg,rQL7v7
2953.jpg,YZiH
2954.jpg,so5Q
2955.jpg,pbbq4
2956.jpg,PJtduYa
2957.jpg,RUfOtukR
2958.jpg,pdnJn6
2959.jpg,yRCwf
2960.jpg,xzcDvgv6
2961.jpg,K76txax
2962.jpg,61Dj
2963.jpg,i8Nq
2964.jpg,L9DyTtd
2965.jpg,gYZxU
2966.jpg,wQNZ9c
2967.jpg,B2MR
2968.jpg,Dgeg1Xj
2969.jpg,LnOT
2970.jpg,KlDu0lgC
2971.jpg,AVFUi
2972.jpg,E38ClAtg
2973.jpg,zcFM
2974.jpg,DnhKjO7
2975.jpg,x8GvXdQh
2976.jpg,j4XkA
2977.jpg,2fm6q
2978.jpg,dnuujij
2979.jpg,FAtr
2980.jpg,uw5lyLEO
2981.jpg,JwgQH6X
2982.jpg,GULe
2983.jpg,iu2pU
2984.jpg,tvAbjgbI
2985.jpg,k9ki
2986.jpg,GclmM
2987.jpg,Agh7XR
2988.jpg,A7aBW
2989.jpg,CwRMtGcI
2990.jpg,uFTYGz6
2991.jpg,l1flinba
2992.jpg,wOq6lsua
2993.jpg,Uq6JXlkr
2994.jpg,iLs3Ie
2995.jpg,f9f8aoNM
2996.jpg,crZjNca
2997.jpg,EWgOfA
2998.jpg,3v4z
2999.jpg,jpurp5z
3000.jpg,qOgqMH
3001.jpg,INy8
3002.jpg,zFqzf6
3003.jpg,FLbJhD
3004.jpg,GFwPz9y
3005.jpg,OSq5bY
3006.jpg,rVfA
3007.jpg,8y36r
3008.jpg,qujZWC
3009.jpg,hKzYO
3010.jpg,CJsdRdOY
3011.jpg,YtJmGfv
3012.jpg,g0Sxb1
3013.jpg,sF85Cn3
3014.jpg,0nbLP7
3015.jpg,5b6rRBi
3016.jpg,JKKE
3017.jpg,VPkxqUxf
3018.jpg,gdyJjn6
3019.jpg,DRan
3020.jpg,MHmlpJd6
3021.jpg,t9E6lGsZ
3022.jpg,7HYu36W8
3023.jpg,4Ut8It
3024.jpg,IY8Wrdaq
3025.jpg,aKeZe57
3026.jpg,3RVDWZ
3027.jpg,BtjuRnN
3028.jpg,dGfeRmr
3029.jpg,inEzhO
3030.jpg,2eUmKJ
3031.jpg,2UK1
3032.jpg,LWmVqM
3033.jpg,uhdVa6X
3034.jpg,WIhzDKnX
3035.jpg,wXieaCf
3036.jpg,XZoTK
3037.jpg,4KoHvxq
3038.jpg,3ITD
3039.jpg,oroUkk
3040.jpg,Xx8Om
3041.jpg,9cqJF
3042.jpg,1MMrSvAs
3043.jpg,2vW37Djz
3044.jpg,sPVuH3H
3045.jpg,Uk4vSV2f
3046.jpg,MPBl
3047.jpg,nXqLvx
3048.jpg,0R5LBez
3049.jpg,0OxTC
3050.jpg,Yk6VJbI
3051.jpg,DGUDk
3052.jpg,s6WxCZh
3053.jpg,NRBt
3054.jpg,spg78
3055.jpg,RB9ob
3056.jpg,LFUFfn
3057.jpg,cXa9L4
3058.jpg,Jd5mzveB
3059.jpg,eW7Ql4
3060.jpg,G4FpC2Bq
3061.jpg,52x5Acl
3062.jpg,JES12it1
3063.jpg,DRGV37
3064.jpg,9n8ZGNj
3065.jpg,p1EY1F
3066.jpg,myuS0wN
3067.jpg,uXjBl
3068.jpg,VrxCuiz
3069.jpg,qDrR
3070.jpg,nFKo7bn
3071.jpg,U0WvY
3072.jpg,EEjr01
3073.jpg,RZlu
3074.jpg,jcdLE5H
3075.jpg,ZxnD
3076.jpg,HzDOXry
3077.jpg,LZ5uDbT3
3078.jpg,oQgE
3079.jpg,EV5nQgQ
3080.jpg,7akkAQc
3081.jpg,pV44Roc
3082.jpg,huk39
3083.jpg,HhxdN
3084.jpg,TYVqaUVI
3085.jpg,4tkrasN7
3086.jpg,MqeF
3087.jpg,PCDD
3088.jpg,iPtHkQtr
3089.jpg,ipiK7T9
3090.jpg,GB67D
3091.jpg,UNuM1
3092.jpg,8BSjL
3093.jpg,JuKY5c
3094.jpg,yNRSx
3095.jpg,vEnJA
3096.jpg,kBv0
3097.jpg,LtoJv
3098.jpg,2wl20a
3099.jpg,IYOp
3100.jpg,2arco
3101.jpg,HitOSWQW
3102.jpg,1G8E9e
3103.jpg,33Uqp
3104.jpg,YcofY6tB
3105.jpg,ZHv13dN
3106.jpg,hDEzvg
3107.jpg,oBqzFj
3108.jpg,mc6yFvWf
3109.jpg,ty4usf
3110.jpg,rotiWw
3111.jpg,7bxPv
3112.jpg,OQiZLm1
3113.jpg,SmU4A
3114.jpg,yhnOakMK
3115.jpg,40e4sE
3116.jpg,EKJ6JRU9
3117.jpg,DyoGxfE
3118.jpg,GOWiZYG
3119.jpg,fUTiKagK
3120.jpg,vEGj2G
3121.jpg,FThU
3122.jpg,kSPG
3123.jpg,OnGyUmxb
3124.jpg,Ur9P
3125.jpg,xvLhaP
3126.jpg,M83Wbe1o
3127.jpg,p3Ft
3128.jpg,5JMKUub
3129.jpg,h8To2b
3130.jpg,oQZV5
3131.jpg,HUtMtB1
3132.jpg,0yKFg
3133.jpg,ENgvZswP
3134.jpg,W4Gg
3135.jpg,kxyFHfT
3136.jpg,RvOJ7
3137.jpg,LzlVOHB
3138.jpg,X0i2tre
3139.jpg,6UkxNw
3140.jpg,q4V2m
3141.jpg,pTDOnZR
3142.jpg,yPHbe9
3143.jpg,8FexS3b
3144.jpg,f3R4rXLB
3145.jpg,00UfjP9
3146.jpg,9E0m8P
3147.jpg,66yP3Z
3148.jpg,ae1syC5L
3149.jpg,s8uPtn
3150.jpg,t542
3151.jpg,oXxPTsA
3152.jpg,TvbuwUp
3153.jpg,0lLDQ
3154.jpg,VKNR
3155.jpg,vhU7
3156.jpg,hlGOAZTY
3157.jpg,Pf3h1H9
3158.jpg,rBtkjL3
3159.jpg,1gytI5
3160.jpg,TDHH
3161.jpg,tFpXX8Gg
3162.jpg,jNXyxjrZ
3163.jpg,sRO9
3164.jpg,Hw4IO7
3165.jpg,8jnIu
3166.jpg,sr2vJ
3167.jpg,ZzTvK
3168.jpg,genxh
3169.jpg,jMc1Hr
3170.jpg,zGNZW
3171.jpg,pys3ne
3172.jpg,xoLdpdY
3173.jpg,PFx4Oo2R
3174.jpg,ktbiCF
3175.jpg,LLx9mH
3176.jpg,lhur
3177.jpg,IvvpjT
3178.jpg,OzERjw
3179.jpg,VGQtE
3180.jpg,vlxZIg
3181.jpg,dJoZni
3182.jpg,MGf70pIl
3183.jpg,JIFTT
3184.jpg,4kxAEJ8x
3185.jpg,RI1EYJz
3186.jpg,cSWlD
3187.jpg,WKItIG
3188.jpg,pHB0Ym
3189.jpg,okPv
3190.jpg,Jf8ZsiQg
3191.jpg,4KDwy8f3
3192.jpg,B4vrRfk
3193.jpg,GkVHj1
3194.jpg,WVKEgas
3195.jpg,4cMr
3196.jpg,FnY3
3197.jpg,3mt5cQL
3198.jpg,ffRBtoko
3199.jpg,oimITy4
3200.jpg,LgwYrF
3201.jpg,rSrUrJf
3202.jpg,OM7BKwwj
3203.jpg,2ZzaP
3204.jpg,cIKhQZ
3205.jpg,q12EqfXF
3206.jpg,XyT4q6i
3207.jpg,QuCxQg2
3208.jpg,XROo
3209.jpg,gJehM
3210.jpg,Ru5ul3l
3211.jpg,abJDBE
3212.jpg,bTgWs
3213.jpg,ywxOc
3214.jpg,m6GNB4
3215.jpg,efmPCzvR
3216.jpg,GuqrX
3217.jpg,63lg7
3218.jpg,3Lwg
3219.jpg,iIcG1
3220.jpg,TX8FD
3221.jpg,GBbn6g
3222.jpg,w3AHX
3223.jpg,11n9M
3224.jpg,AeY5C7ts
3225.jpg,pNtx
3226.jpg,GoDnJp
3227.jpg,4qxy
3228.jpg,1z6jkEq
3229.jpg,TbrvFHJ
3230.jpg,3M3Uq
3231.jpg,H2VE9
3232.jpg,TZZ1RZm0
3233.jpg,LJrcac
3234.jpg,JWpY0
3235.jpg,OaoMj
3236.jpg,94lD
3237.jpg,k9Kxc2
3238.jpg,mLHLe
3239.jpg,F86Af
3240.jpg,3GnRm
3241.jpg,JlPDm
3242.jpg,YfGQ6
3243.jpg,ygF9MMqY
3244.jpg,SV8qjh2o
3245.jpg,cNR1X
3246.jpg,XoSFug
3247.jpg,4V4zcx
3248.jpg,ziQuXrYC
3249.jpg,WSomwHR
3250.jpg,Uocm9kxP
3251.jpg,6mA4lxx
3252.jpg,zYQ32rqM
3253.jpg,T7gvS
3254.jpg,YA3G7
3255.jpg,ORQ0SlZq
3256.jpg,EzUXd
3257.jpg,c5OGKtS2
3258.jpg,skZMwy9
3259.jpg,SK2FT
3260.jpg,KvC4a
3261.jpg,1Vsy
3262.jpg,45KIDao
3263.jpg,XClJZfZV
3264.jpg,nOTg
3265.jpg,6LbT
3266.jpg,6VcXu9X
3267.jpg,mOMoTnO
3268.jpg,ooIWB
3269.jpg,9WbRzNI
3270.jpg,0vB6iaMZ
3271.jpg,qGD8
3272.jpg,dt0t
3273.jpg,odiNThm
3274.jpg,7j2J2DV
3275.jpg,M6tbB90
3276.jpg,ALRuuvIT
3277.jpg,dsCRo
3278.jpg,RR0EU
3279.jpg,cCEmpy
3280.jpg,c1gs20
3281.jpg,qmuq
3282.jpg,AIIpzWD
3283.jpg,tE4kE6
3284.jpg,nglTsB
3285.jpg,7SAaHwu
3286.jpg,wti5reZ
3287.jpg,qmfHa1W
3288.jpg,HioJiVKm
3289.jpg,13OOa16
3290.jpg,GxyCM
3291.jpg,IMhIwd
3292.jpg,zHBXQ
3293.jpg,RmpL2uoZ
3294.jpg,0qbjsphi
3295.jpg,vILSigIH
3296.jpg,HMXQE
3297.jpg,a8q5z4b
3298.jpg,gVrNG
3299.jpg,75x5qq9
3300.jpg,XKU54UUY
3301.jpg,GIpCSqfZ
3302.jpg,XhZf5
3303.jpg,EhGreu
3304.jpg,Hwk2US
3305.jpg,Y58C
3306.jpg,In29SPrL
3307.jpg,ywLuR
3308.jpg,9eqphU0c
3309.jpg,Mfl6PL
3310.jpg,XdXAZ
3311.jpg,prsETF
3312.jpg,OsqA
3313.jpg,qgPjs
3314.jpg,xbM4SP
3315.jpg,gOiGrUJI
3316.jpg,QxDKkFiH
3317.jpg,NX7M10Ae
3318.jpg,wgWC
3319.jpg,vkhxnWjm
3320.jpg,F1j9Q9OO
3321.jpg,wfJaKH
3322.jpg,wgvqbd
3323.jpg,kvva
3324.jpg,NK65
3325.jpg,QIty
3326.jpg,43QOtw
3327.jpg,vxTH
3328.jpg,b6T84K6
3329.jpg,bjFgGY8
3330.jpg,yDC62
3331.jpg,gWhQrpY
3332.jpg,QUEubpn7
3333.jpg,K6wyS
3334.jpg,ltk7Dt
3335.jpg,hfq0Ex8q
3336.jpg,ND54hr
3337.jpg,zZhthU0J
3338.jpg,YeODmI
3339.jpg,Qb825
3340.jpg,5HsOwi
3341.jpg,ROPuG
3342.jpg,lNNUZ
3343.jpg,n0Me
3344.jpg,xfsM1
3345.jpg,bF6s7WHo
3346.jpg,1b7xJ
3347.jpg,4NV449Aq
3348.jpg,DjmyXtI
3349.jpg,R2CijVt
3350.jpg,aeEMhPp
3351.jpg,i2F1fl
3352.jpg,FSrkh7dE
3353.jpg,nTDR9B0
3354.jpg,ETpgJIoy
3355.jpg,75ScOUa
3356.jpg,hEYlNu2
3357.jpg,NHHnHl7W
3358.jpg,mCYXhaVq
3359.jpg,78nI
3360.jpg,RctK
3361.jpg,fDGPyK4y
3362.jpg,FVgB
3363.jpg,vVFotv
3364.jpg,g7k1
3365.jpg,5nroFDk
3366.jpg,v7V8Nj
3367.jpg,Q3DGCmN
3368.jpg,eELHZj
3369.jpg,Qr8P6D
3370.jpg,d1Hg
3371.jpg,cs685
3372.jpg,PBTYbsh
3373.jpg,iHjEo978
3374.jpg,kS9xGAN
3375.jpg,DToK8Yz
3376.jpg,hIxRruEM
3377.jpg,tYZQG
3378.jpg,1RXKy
3379.jpg,XaaetO
3380.jpg,BvR4Tn
3381.jpg,gKoLsJcH
3382.jpg,fbQP
3383.jpg,LnP3hW0
3384.jpg,gMf4
3385.jpg,X2kDeHdV
3386.jpg,fFRYm5EK
3387.jpg,RMl8le
3388.jpg,9wwXo4CF
3389.jpg,j4yQQ
3390.jpg,cOOwIiZ
3391.jpg,QOWjHx3
3392.jpg,CCc6t4
3393.jpg,hKBQREBO
3394.jpg,BC6jBTd
3395.jpg,mbArV7Sz
3396.jpg,RS9P0SpX
3397.jpg,rGAI
3398.jpg,qe7L
3399.jpg,SsbV2uV6
3400.jpg,ZDfACF9u
3401.jpg,MYsJ6F
3402.jpg,Bpcvd
3403.jpg,qES1Af
3404.jpg,m0SN
3405.jpg,tkP4Y
3406.jpg,5tyJA
3407.jpg,AisT
3408.jpg,IOYB6Ih
3409.jpg,9q24NX
3410.jpg,tdpxnBS
3411.jpg,WbH3VI2I
3412.jpg,KycV71iz
3413.jpg,fFGQG
3414.jpg,Qhs8dF
3415.jpg,ceAxIFSZ
3416.jpg,xRBWp
3417.jpg,KM3qb9zk
3418.jpg,3mTVpAB1
3419.jpg,pK1r0P
3420.jpg,hGC09V
3421.jpg,qdETt
3422.jpg,4ipZ
3423.jpg,iXSj64
3424.jpg,En1l
3425.jpg,MBcmJV8y
3426.jpg,Dx5czXvp
3427.jpg,C4yrfdF1
3428.jpg,llthFPnE
3429.jpg,dPcMl9w
3430.jpg,FnNF
3431.jpg,a6PU
3432.jpg,Mnyuqti2
3433.jpg,zSMoiIq
3434.jpg,d5VZ
3435.jpg,pGj5M
3436.jpg,Yjh0U
3437.jpg,HLEP6m
3438.jpg,RZhBjOkT
3439.jpg,m5fJyj4t
3440.jpg,baUfJ8
3441.jpg,Fqb0T
3442.jpg,N20Kr
3443.jpg,ykMk3wI
3444.jpg,sPBfUuL
3445.jpg,Bc0JVYUR
3446.jpg,ChFBft3W
3447.jpg,Kjsr1Ii
3448.jpg,x1xJZj
3449.jpg,sPkc9
3450.jpg,rJZKDOk
3451.jpg,3eTTN
3452.jpg,INyaE3Q
3453.jpg,GHrotB
3454.jpg,yvOti
3455.jpg,MDgmwcS
3456.jpg,whgTg
3457.jpg,d18gP
3458.jpg,WwoP5
3459.jpg,NmCQZR
3460.jpg,bjgUCF
3461.jpg,GoUR
3462.jpg,KEYra8
3463.jpg,rANKPuc
3464.jpg,bNHxu
3465.jpg,Bo7x6Vy
3466.jpg,vBsnHdRM
3467.jpg,0WSV5ACM
3468.jpg,jPmZ3
3469.jpg,ywaY
3470.jpg,jYdz5z
3471.jpg,C2yvaJ
3472.jpg,XQVlOm
3473.jpg,eStO9
3474.jpg,wWs6QEF
3475.jpg,ESRlgG0
3476.jpg,vWcHJ
3477.jpg,06oh2S4
3478.jpg,n3cil
3479.jpg,Y5AxMSkf
3480.jpg,sB5uzvy
3481.jpg,zmYTNOBL
3482.jpg,G3xxy
3483.jpg,RWavMQg
3484.jpg,itFgNyC
3485.jpg,gdtE
3486.jpg,mVt5FuAy
3487.jpg,IPCkSx
3488.jpg,xksZ2
3489.jpg,CSn8Jq
3490.jpg,4kmMLqkq
3491.jpg,25wjbKV
3492.jpg,qlthrmX
3493.jpg,KfZS
3494.jpg,z4skzBf
3495.jpg,t576i
3496.jpg,my5wi
3497.jpg,rnHMYSI
3498.jpg,45zRfnE
3499.jpg,CYFdWJV
3500.jpg,T2k4aB6
3501.jpg,yu2P2R
3502.jpg,8EXR3jKO
3503.jpg,uJWd7F5K
3504.jpg,BUlSYm
3505.jpg,nL3E
3506.jpg,TAYxgmO
3507.jpg,muZgqW2V
3508.jpg,xNXPTrcv
3509.jpg,ho0Zbx
3510.jpg,vRAJW
3511.jpg,I6Vd
3512.jpg,Uiztkzh
3513.jpg,ea1Tq
3514.jpg,QXcpO
3515.jpg,GGSM
3516.jpg,jUzbXj6w
3517.jpg,QAMQLzD
3518.jpg,TAkg
3519.jpg,ke4Vd
3520.jpg,9E7dLT
3521.jpg,1Hej
3522.jpg,rl3RS
3523.jpg,obwuuEJG
3524.jpg,NczVTlM
3525.jpg,C8JSQ5
3526.jpg,1FqjW
3527.jpg,TSIB8IHv
3528.jpg,9Cs6
3529.jpg,Y9AlB
3530.jpg,oQFxoW
3531.jpg,PrL7ma
3532.jpg,xsEjvtlM
3533.jpg,JyoDGF23
3534.jpg,hZt92
3535.jpg,U5GS9NY
3536.jpg,gb8ZdpY
3537.jpg,yobyCN
3538.jpg,5HZeurdi
3539.jpg,b5hf
3540.jpg,3CceiNG
3541.jpg,Z1Soxk
3542.jpg,T8pvO89h
3543.jpg,3dxZBDe
3544.jpg,JIeC
3545.jpg,ic41xb5Q
3546.jpg,kzRSCl1
3547.jpg,8pBM
3548.jpg,CDxrSXQ
3549.jpg,7DXw9R
3550.jpg,FgnHW4
3551.jpg,BFh5
3552.jpg,hu6r
3553.jpg,6HDLvb
3554.jpg,kBtSN9M
3555.jpg,Wqaw
3556.jpg,9dwMj6
3557.jpg,vQYCJ2u
3558.jpg,pvYiPPh
3559.jpg,pi6id1N
3560.jpg,w7NBz7p
3561.jpg,R6wbarGd
3562.jpg,baUPiRay
3563.jpg,yBK6wO
3564.jpg,2qgL
3565.jpg,W0PyO5lx
3566.jpg,EqxZBx9d
3567.jpg,CbzY
3568.jpg,ofUI
3569.jpg,xhx5ga6
3570.jpg,woXO
3571.jpg,GOoaFsm
3572.jpg,wxY4Sc
3573.jpg,qVIY7D
3574.jpg,TBI0WRPJ
3575.jpg,KpQhX28g
3576.jpg,M24gU
3577.jpg,O7HuotHM
3578.jpg,725F
3579.jpg,iJv9E5
3580.jpg,F18BuYW
3581.jpg,ZXuE
3582.jpg,vXpG
3583.jpg,5RoTSK
3584.jpg,MhEsAQgq
3585.jpg,NZzw2
3586.jpg,OGuRM5
3587.jpg,4NEHVnv
3588.jpg,eAeeQnLA
3589.jpg,eEEucOP
3590.jpg,niXlgp
3591.jpg,A3Ri
3592.jpg,km6JNE
3593.jpg,ET5yXsD
3594.jpg,k3cjlJWl
3595.jpg,ATmx
3596.jpg,9ANa
3597.jpg,esTU2
3598.jpg,8mjq
3599.jpg,klA1V
3600.jpg,n2Tk
3601.jpg,C8AO8vG
3602.jpg,NOsygk
3603.jpg,xZekUGhf
3604.jpg,PGYKX
3605.jpg,XYokXkX
3606.jpg,whHlUd
3607.jpg,neEd5QeO
3608.jpg,N2fvRvF
3609.jpg,zN8PVI
3610.jpg,chm95
3611.jpg,5WrPnnl
3612.jpg,LwTsXAMv
3613.jpg,63Hx0lV
3614.jpg,AhMQKl
3615.jpg,xN98owV
3616.jpg,d5Ia
3617.jpg,Ltvee
3618.jpg,2waqmLz7
3619.jpg,3iSJlv7
3620.jpg,EGmelV
3621.jpg,L5wvh
3622.jpg,hLncV
3623.jpg,1SvvBFC
3624.jpg,pSor
3625.jpg,LdRK9aS
3626.jpg,MOd9dr
3627.jpg,2nfWRQ
3628.jpg,mpgY
3629.jpg,xxRE
3630.jpg,nmXUtq
3631.jpg,vGFx
3632.jpg,Bcz3
3633.jpg,TQ9g
3634.jpg,GRtTTkFZ
3635.jpg,KtizM0Vx
3636.jpg,7x0V
3637.jpg,xOEPAO4X
3638.jpg,jtd7Ry
3639.jpg,7lg2sZq
3640.jpg,v82o2
3641.jpg,EDga4
3642.jpg,xGuEQT
3643.jpg,6y8hCgjL
3644.jpg,pX6e
3645.jpg,gHdgw
3646.jpg,3bKWHXnK
3647.jpg,NoURW7I8
3648.jpg,JhF4c29
3649.jpg,4TMf0
3650.jpg,LASImf
3651.jpg,DmLF5
3652.jpg,uarVn7o
3653.jpg,sryT9
3654.jpg,YjOQIz4
3655.jpg,0Xs0MKmx
3656.jpg,QQ6oo7PS
3657.jpg,SymEkl4e
3658.jpg,8pKx7
3659.jpg,hM4hN
3660.jpg,PsTqJd
3661.jpg,efp40T
3662.jpg,rbC8
3663.jpg,3WCmf1
3664.jpg,1bg4
3665.jpg,99qp
3666.jpg,9jqoMqfM
3667.jpg,NvjR
3668.jpg,6IEZQSSz
3669.jpg,LhztH7b
3670.jpg,1skDcTR
3671.jpg,gKdi7
3672.jpg,QIKtCP0A
3673.jpg,q7HQ2ou
3674.jpg,Cph0X
3675.jpg,7VFy
3676.jpg,gOF86
3677.jpg,gTAr
3678.jpg,dHQWbN
3679.jpg,4SAzl69M
3680.jpg,4Zf5LUv
3681.jpg,3dtm7vj
3682.jpg,3V7Z9R
3683.jpg,OEofVn
3684.jpg,tCyR3
3685.jpg,xwuKbZb4
3686.jpg,nUtyW
3687.jpg,Ek6v
3688.jpg,NdtV4I
3689.jpg,ulLP
3690.jpg,kcZLyCJk
3691.jpg,jiCNfg
3692.jpg,j9b8
3693.jpg,PF1O
3694.jpg,xvoggjtQ
3695.jpg,zkUFH
3696.jpg,9EMh
3697.jpg,0FqoutJ
3698.jpg,uvUi
3699.jpg,AMia
3700.jpg,A0YDokWP
3701.jpg,BtVYz
3702.jpg,un5j
3703.jpg,08o0
3704.jpg,UEEeY
3705.jpg,Aok3CU
3706.jpg,dEdvG
3707.jpg,B3F3
3708.jpg,CcMbsU
3709.jpg,E9cEXu
3710.jpg,Fk2Yc3
3711.jpg,MZ8OtLf
3712.jpg,IcBz4i
3713.jpg,ha48cIbV
3714.jpg,RT5n
3715.jpg,jKPRYEm
3716.jpg,ST1MJi0U
3717.jpg,SrHq
3718.jpg,yx1Dv1q
3719.jpg,YyCW1
3720.jpg,31A04o
3721.jpg,QABnGWrc
3722.jpg,qoXGEYOI
3723.jpg,mTkU302c
3724.jpg,5kjU
3725.jpg,reiaCPqU
3726.jpg,AuNf2
3727.jpg,9iwZa1z
3728.jpg,9znSr
3729.jpg,kUW0ohm
3730.jpg,7yKkPH
3731.jpg,u9Tndh
3732.jpg,THo9r
3733.jpg,3Nl8he3
3734.jpg,mNdFjtU
3735.jpg,1j9BsP
3736.jpg,oy5I9T
3737.jpg,2Uwty
3738.jpg,mkhmgUtq
3739.jpg,jTCOiJ
3740.jpg,6gZy6lR
3741.jpg,o1rp
3742.jpg,8JUn2
3743.jpg,Ui0m5
3744.jpg,kI2HY
3745.jpg,WnsfsSm
3746.jpg,mFxAsre
3747.jpg,oYqZsRa
3748.jpg,59ODaoh5
3749.jpg,OJ8baSXo
3750.jpg,aYi0ZT
3751.jpg,BT2wp8p
3752.jpg,zG6yxE
3753.jpg,osXjfc
3754.jpg,xWAuJnZ
3755.jpg,L5c8eli
3756.jpg,9PFA
3757.jpg,y54oa
3758.jpg,RQoPNx
3759.jpg,hH1vbf8
3760.jpg,0koLj4
3761.jpg,aysvzDa
3762.jpg,dlHlej
3763.jpg,iO2C0
3764.jpg,PJry
3765.jpg,1KUdNp2h
3766.jpg,rvDdN
3767.jpg,IUcup2
3768.jpg,BVL4I0
3769.jpg,8KLX
3770.jpg,mA1BoNv2
3771.jpg,VW6WQ
3772.jpg,ELCSJ
3773.jpg,jtAA
3774.jpg,r6fWu
3775.jpg,1prFWf
3776.jpg,muW4Qnp
3777.jpg,pXlJg9k
3778.jpg,9LXX0vJ
3779.jpg,hsHZ5o
3780.jpg,7lXR0
3781.jpg,sDGH0vz
3782.jpg,NgXv
3783.jpg,ly7ON
3784.jpg,C2CID1Yf
3785.jpg,Kd1c9
3786.jpg,BriYtcfF
3787.jpg,AedB
3788.jpg,GhoOgBzM
3789.jpg,wlgNlN
3790.jpg,wrGkiois
3791.jpg,054rP0F
3792.jpg,h6hyudy0
3793.jpg,A6Lm
3794.jpg,BZ03Mp
3795.jpg,hrp9Kay
3796.jpg,mzWJTUJt
3797.jpg,ktSMsI
3798.jpg,JZMKVr
3799.jpg,nvxWqG
3800.jpg,cuvngs
3801.jpg,R3PI
3802.jpg,gEpf
3803.jpg,D6gz5kT
3804.jpg,Xqj9jyX
3805.jpg,HUlW
3806.jpg,w5ZmuvnB
3807.jpg,ULaLT
3808.jpg,Oj3Xf
3809.jpg,hV3Jfk
3810.jpg,plRK139
3811.jpg,favb
3812.jpg,0mT9i
3813.jpg,WI10vrC
3814.jpg,3e5i
3815.jpg,93dddZ
3816.jpg,fbchBqIM
3817.jpg,TmCbB
3818.jpg,vSfDZ8h
3819.jpg,2q2Bqej
3820.jpg,V0ofHJr
3821.jpg,RprSk0KZ
3822.jpg,zvVDD3rR
3823.jpg,GHE0
3824.jpg,L34Ets
3825.jpg,VWqzb
3826.jpg,SIm6dejF
3827.jpg,cfNX4VR
3828.jpg,XP4hwT
3829.jpg,7CswO
3830.jpg,m5nG
3831.jpg,pAiPKZNN
3832.jpg,D0Yx7j2j
3833.jpg,WON4t
3834.jpg,PvaJyA
3835.jpg,dqW9
3836.jpg,oaOHjL7a
3837.jpg,aGOukT
3838.jpg,oEt5oW
3839.jpg,y7jOwv
3840.jpg,yeR9UZhV
3841.jpg,0u4Mvg
3842.jpg,HVHgJDWn
3843.jpg,nyMbrfjx
3844.jpg,L9Cu
3845.jpg,gaxhfG
3846.jpg,6J8QNt
3847.jpg,ZC9VbjXV
3848.jpg,degQseDx
3849.jpg,hDB92U
3850.jpg,IzEfS
3851.jpg,DYJofF
3852.jpg,qXrKcZ1P
3853.jpg,ninNS
3854.jpg,nMM8Z07T
3855.jpg,MP61lH
3856.jpg,zFTX3
3857.jpg,mHDIl
3858.jpg,qBJ3vS
3859.jpg,3UQ5
3860.jpg,7SsHc9aw
3861.jpg,8lrtMFY
3862.jpg,AE7kA
3863.jpg,0OhGgqWE
3864.jpg,FalnF
3865.jpg,NYL8c
3866.jpg,PbcooS
3867.jpg,jHj3
3868.jpg,2YkO3xoN
3869.jpg,joeE
3870.jpg,leqFUU
3871.jpg,uh3q
3872.jpg,EDWU
3873.jpg,siPt58Z
3874.jpg,PfWpKQa
3875.jpg,D72E
3876.jpg,swBVgm
3877.jpg,0IfpFcD
3878.jpg,H5VY
3879.jpg,EWMvr
3880.jpg,UwCclC5
3881.jpg,waaBEenX
3882.jpg,555Fpz
3883.jpg,kA9Ru5hz
3884.jpg,SOu7e
3885.jpg,AQnETv
3886.jpg,RZDVoFuT
3887.jpg,Cfo2
3888.jpg,JFeF
3889.jpg,fB1hx7e0
3890.jpg,PMF5WiT
3891.jpg,DUW1pM
3892.jpg,jMHsLC
3893.jpg,NKau3p
3894.jpg,kjEA3
3895.jpg,gVeuQL
3896.jpg,gdLt8
3897.jpg,3YM0
3898.jpg,Z25t0i7
3899.jpg,XfVU
3900.jpg,Jj5udc
3901.jpg,ZdhB
3902.jpg,BpkPX
3903.jpg,C4NE
3904.jpg,MfhGH
3905.jpg,mZPO
3906.jpg,sItL
3907.jpg,aS2JJH8
3908.jpg,9tcUZ
3909.jpg,EBUa
3910.jpg,rotHVy5T
3911.jpg,4FiVE4
3912.jpg,sbD4vR7
3913.jpg,26IZP
3914.jpg,zEGzY1r
3915.jpg,b6O7
3916.jpg,jDyRAD
3917.jpg,DKjN8oSl
3918.jpg,8RsANJd
3919.jpg,C0BeKT3O
3920.jpg,l2k29VFh
3921.jpg,1L0By
3922.jpg,IG0DVKde
3923.jpg,czVm
3924.jpg,LtgqmLIt
3925.jpg,SVq7I
3926.jpg,h0Ysuiu
3927.jpg,CwNeYd
3928.jpg,npUjvZj
3929.jpg,YteHPO
3930.jpg,Lfc1C
3931.jpg,9FtaeDc7
3932.jpg,23CZTDXU
3933.jpg,LK6MK
3934.jpg,fPz1ciK
3935.jpg,trz9F3m
3936.jpg,POc3bS
3937.jpg,qIQWGd0q
3938.jpg,tT7XLdj
3939.jpg,E7NRAZ1Z
3940.jpg,zCehHiUL
3941.jpg,UYUUqxr
3942.jpg,DXuWlDBi
3943.jpg,dO5rVb
3944.jpg,DU5S6bYs
3945.jpg,CAbuMg
3946.jpg,nqG40
3947.jpg,BobZxIB
3948.jpg,uzlwoUQ
3949.jpg,T6YvRd8q
3950.jpg,CjU5uN
3951.jpg,zsQgZUxr
3952.jpg,wCIM
3953.jpg,iU5gk
3954.jpg,tCqTLy
3955.jpg,kBtRQ1X4
3956.jpg,D0glBm
3957.jpg,3wZfeGzy
3958.jpg,Uf5211cC
3959.jpg,fC2515
3960.jpg,0wiqf
3961.jpg,dxj6
3962.jpg,K8PT
3963.jpg,PdxkXYj
3964.jpg,xyiHENjF
3965.jpg,zBsVk
3966.jpg,COqK5
3967.jpg,LShK
3968.jpg,bXqW1S
3969.jpg,riPl8
3970.jpg,VywW
3971.jpg,N8a1
3972.jpg,6joO
3973.jpg,HNT2K
3974.jpg,pKA7os
3975.jpg,UlP5
3976.jpg,iGxubGg
3977.jpg,RKsIX
3978.jpg,d0fviZ
3979.jpg,QAGcrS
3980.jpg,87FHW
3981.jpg,BhXQda9F
3982.jpg,DH9gtr
3983.jpg,OLtaVWS
3984.jpg,gfpRmJV
3985.jpg,ev19RzHL
3986.jpg,5NNDvnR
3987.jpg,ZGw0i
3988.jpg,E0G7BGkD
3989.jpg,jHR6H
3990.jpg,OiguPB
3991.jpg,9e0xsho
3992.jpg,SdyYE1eF
3993.jpg,lrOGRS
3994.jpg,Fmh2pik
3995.jpg,v0Q1
3996.jpg,Xg82wJP
3997.jpg,kHBZ
3998.jpg,yMwuMV1C
3999.jpg,aVrjLoM
4000.jpg,hvQMZ5yA
4001.jpg,pjtH
4002.jpg,5ZAP7
4003.jpg,BxBHof
4004.jpg,KB4V
4005.jpg,W27m9
4006.jpg,8Y6r6VN
4007.jpg,TGrfye7r
4008.jpg,rjWwdWL
4009.jpg,Qe7nbxk
4010.jpg,zprt
4011.jpg,BYRyfCTZ
4012.jpg,x06y8pC
4013.jpg,0YXLu
4014.jpg,s3RGcQ
4015.jpg,7rXg
4016.jpg,qGWjq
4017.jpg,osJ5J
4018.jpg,qC2s
4019.jpg,vhNnY1pZ
4020.jpg,t0Mzwj2a
4021.jpg,0646
4022.jpg,qwCKrDT
4023.jpg,fzgmh
4024.jpg,f7ns
4025.jpg,mHYlD
4026.jpg,nGOCnz
4027.jpg,IYwvSu6
4028.jpg,59UJGP
4029.jpg,CnJAMvtW
4030.jpg,TkKap2u
4031.jpg,iCk00
4032.jpg,GqBU
4033.jpg,wpvYK
4034.jpg,mOBidI
4035.jpg,ZpTr0b7
4036.jpg,IJ1Lo
4037.jpg,R37GE0
4038.jpg,Qap3t3
4039.jpg,MtzbmvGk
4040.jpg,pDIvITpW
4041.jpg,Grjv1h
4042.jpg,pcakape
4043.jpg,Nmfg
4044.jpg,XkccxQ8
4045.jpg,9MtZ
4046.jpg,sIWh03
4047.jpg,mtjZ
4048.jpg,wwioZ
4049.jpg,IZKL
4050.jpg,wMtDVNT
4051.jpg,IHUE
4052.jpg,gUAOoi
4053.jpg,Q34CR1o
4054.jpg,APnAxk
4055.jpg,3N71
4056.jpg,8uvm
4057.jpg,TSqpf
4058.jpg,McF7mF
4059.jpg,Q9MDENw
4060.jpg,1LID
4061.jpg,7ucnX
4062.jpg,L3ILx7QK
4063.jpg,e74hhb6C
4064.jpg,Byv0F
4065.jpg,JCMm
4066.jpg,1I1R
4067.jpg,XYya
4068.jpg,3TlcYzF
4069.jpg,DaEjUE
4070.jpg,WOgFS9f
4071.jpg,vO7E1v5
4072.jpg,BIuk8wh
4073.jpg,RXydz
4074.jpg,y7cW
4075.jpg,zgBsS9
4076.jpg,DnwRaF3
4077.jpg,Xfn5
4078.jpg,ppAmf0
4079.jpg,wIjSxW
4080.jpg,JUffIlR
4081.jpg,fwWM2b
4082.jpg,mFLjm
4083.jpg,KvtDSA
4084.jpg,M5KTb
4085.jpg,VfcABvY
4086.jpg,BnPN3s9n
4087.jpg,GOVA
4088.jpg,OfLrRQuw
4089.jpg,lTpCM9
4090.jpg,ObItO2mL
4091.jpg,48yZBm5
4092.jpg,kkjSyOkC
4093.jpg,dMB5S
4094.jpg,9BounE
4095.jpg,BKnT4uFX
4096.jpg,N8imf
4097.jpg,vtm2zo
4098.jpg,WNFPQ
4099.jpg,uHCki
4100.jpg,rnhAHA
4101.jpg,alVSZ
4102.jpg,NVvD
4103.jpg,JGV9
4104.jpg,NduF0
4105.jpg,fGq4Mbw
4106.jpg,eY88
4107.jpg,eM5C1
4108.jpg,25StfwVT
4109.jpg,gOZ0C
4110.jpg,8JkaA
4111.jpg,T3oyLZHP
4112.jpg,ptF56XS
4113.jpg,dIRNpi8m
4114.jpg,NZfO
4115.jpg,LxxSuL7y
4116.jpg,OpS0L
4117.jpg,9AVQvYx
4118.jpg,tHknOUz
4119.jpg,Or03
4120.jpg,lyACY
4121.jpg,Y14J
4122.jpg,I7z4NpN
4123.jpg,7tsZ
4124.jpg,tg25
4125.jpg,FgixHx
4126.jpg,5IrU0P
4127.jpg,uqkH2oYQ
4128.jpg,YKoH61V
4129.jpg,mbM4vgpw
4130.jpg,r9vVaFnM
4131.jpg,OBRmm
4132.jpg,rFzCwObX
4133.jpg,F6ZuIY
4134.jpg,s0MZP7o3
4135.jpg,jesLkRFX
4136.jpg,fmPdP
4137.jpg,sKgJ
4138.jpg,fHoFrM53
4139.jpg,kBz1DY2
4140.jpg,UiNv
4141.jpg,sSg6u5
4142.jpg,l86C83CX
4143.jpg,TprmVv
4144.jpg,ce8EWIHu
4145.jpg,MRZ5
4146.jpg,ZNfSE
4147.jpg,R9oIBDx
4148.jpg,YKwRWLi
4149.jpg,7yVski
4150.jpg,fq5K84M
4151.jpg,jKQK6Z8
4152.jpg,IdZBl
4153.jpg,BCutcjLC
4154.jpg,NzXX6
4155.jpg,A5pAuk
4156.jpg,QUdt
4157.jpg,Zk6H7us
4158.jpg,WkAcz
4159.jpg,ZTKBP51
4160.jpg,eBt4YzYF
4161.jpg,WLAFhi
4162.jpg,P1vE
4163.jpg,D3ovaQGv
4164.jpg,KxyO8yWd
4165.jpg,RsnBbr
4166.jpg,oY98
4167.jpg,N7no
4168.jpg,BxtjmIQj
4169.jpg,LBgdd
4170.jpg,Vffq1
4171.jpg,bICx3t
4172.jpg,IJUe
4173.jpg,vgYmmu2
4174.jpg,arogzb
4175.jpg,jI5hAIs
4176.jpg,jVPx
4177.jpg,pv9dKpzI
4178.jpg,3gnTo7oA
4179.jpg,wqsulHXm
4180.jpg,zcFlAG
4181.jpg,0N4T
4182.jpg,4lA4
4183.jpg,iMWDvv
4184.jpg,izMowLRw
4185.jpg,c0gwab
4186.jpg,7dYY
4187.jpg,ZnR8MC3i
4188.jpg,H21Y8Ybm
4189.jpg,BIdq
4190.jpg,5wZlbcp
4191.jpg,BVXOJ
4192.jpg,5g6IvO
4193.jpg,6BX4HGOD
4194.jpg,sGVioJU
4195.jpg,tjMTp
4196.jpg,BNncZ
4197.jpg,7cGh
4198.jpg,Jwr5Znlp
4199.jpg,X1w6HNg
4200.jpg,XANL
4201.jpg,90xcn
4202.jpg,23Yv4hp
4203.jpg,ZOlitz
4204.jpg,BXNpPyP
4205.jpg,CujE0v
4206.jpg,LU3NXok
4207.jpg,BKgUR
4208.jpg,5Y9Q
4209.jpg,KNBcwU
4210.jpg,vxydb
4211.jpg,meAuZto
4212.jpg,Qv0akE
4213.jpg,9yee
4214.jpg,84vMB6uz
4215.jpg,BuFT2
4216.jpg,d37P0e
4217.jpg,RcuQ
4218.jpg,epwxpe
4219.jpg,wtrbV
4220.jpg,ZeIGosJ
4221.jpg,DtvF4B
4222.jpg,v8nn
4223.jpg,aI0j
4224.jpg,UGDOW
4225.jpg,9xieNZb
4226.jpg,jPnW
4227.jpg,P9fF3
4228.jpg,F1XsaD
4229.jpg,S5Yc2v7
4230.jpg,vzBD
4231.jpg,11d7iQ
4232.jpg,GSAG9
4233.jpg,25nJyhM
4234.jpg,7Mn6
4235.jpg,nphdPVi
4236.jpg,JtTrzkC
4237.jpg,CLK0Y9
4238.jpg,qyAPo1z
4239.jpg,WyzJY
4240.jpg,UmxOK
4241.jpg,tKYOoZn
4242.jpg,gN60OdKI
4243.jpg,x8kkdIk
4244.jpg,A5xfD
4245.jpg,NkmWh14
4246.jpg,wGDAeoI
4247.jpg,zEz7ZQe
4248.jpg,eQ33XW
4249.jpg,HjcwFt
4250.jpg,Xw8ssuxx
4251.jpg,esEeq20
4252.jpg,HIrF
4253.jpg,wutEExcf
4254.jpg,xiD9
4255.jpg,NiZMTQn
4256.jpg,Xj82ize
4257.jpg,PqqY240
4258.jpg,86ijrrls
4259.jpg,5ScX
4260.jpg,zHGov
4261.jpg,QZ9K
4262.jpg,GnTmx3me
4263.jpg,N1piiOB
4264.jpg,remxy5B
4265.jpg,tdQoxhd7
4266.jpg,z3C8d3qG
4267.jpg,RF3tS7
4268.jpg,LRCcb5m7
4269.jpg,JaRDx3y9
4270.jpg,L1taXy5
4271.jpg,32ldoR
4272.jpg,KAXnod
4273.jpg,mPWabL
4274.jpg,5BGK
4275.jpg,KF7px6Us
4276.jpg,WaVRzZx
4277.jpg,BbDjT6Qx
4278.jpg,IVPT
4279.jpg,4zffA
4280.jpg,lCbMmp
4281.jpg,KCUk6jD
4282.jpg,8CpD2S
4283.jpg,Di13U09N
4284.jpg,dhLxR
4285.jpg,7gUt
4286.jpg,WACSTz2
4287.jpg,2WCq
4288.jpg,hIkyd
4289.jpg,wNiA
4290.jpg,ToyUx
4291.jpg,AAhkNJUL
4292.jpg,LXxHtC
4293.jpg,l7kod1g
4294.jpg,r7iCnf
4295.jpg,0EolGB
4296.jpg,vcctTHM
4297.jpg,EoeUoe
4298.jpg,p1yn
4299.jpg,db6p
4300.jpg,DWXFpgx
4301.jpg,r2XwrW
4302.jpg,MiVSHu
4303.jpg,dAr9sd
4304.jpg,Z5sY
4305.jpg,aBABT
4306.jpg,c0dR
4307.jpg,Pc7ofH
4308.jpg,ENPG
4309.jpg,Sw3C3W
4310.jpg,X8Nzsg
4311.jpg,2IlA7r
4312.jpg,6I1rIG
4313.jpg,82dDFj5
4314.jpg,kUBKf6b
4315.jpg,EddY8Yx
4316.jpg,TbiYo0
4317.jpg,s52Rq
4318.jpg,Lep2hos
4319.jpg,L4OgL5
4320.jpg,r0raJ
4321.jpg,bb32hxvN
4322.jpg,u96K
4323.jpg,T5rj8U
4324.jpg,o87il7ix
4325.jpg,bimVm
4326.jpg,xYRi
4327.jpg,hV0or0
4328.jpg,gNVH
4329.jpg,aatf
4330.jpg,Rt2yiK6A
4331.jpg,qZz7zc
4332.jpg,pi8wJd9
4333.jpg,mOBqgHA
4334.jpg,XAN1IZ
4335.jpg,8iaCcZT
4336.jpg,jPqv8k
4337.jpg,sVTx
4338.jpg,UhJK
4339.jpg,5Hw1xGPC
4340.jpg,ER2YnA
4341.jpg,REdz
4342.jpg,pQmDkN
4343.jpg,q4Yuy
4344.jpg,fg2rHG
4345.jpg,pJkL6Y
4346.jpg,Kp4UHCxV
4347.jpg,sX3x7
4348.jpg,nwMBnS
4349.jpg,vMJ14dOM
4350.jpg,I0jk
4351.jpg,qNlSh
4352.jpg,brF0QyN
4353.jpg,FHDXe
4354.jpg,rzDRDsSJ
4355.jpg,d7ER72x
4356.jpg,AuWyhiM
4357.jpg,CvK8
4358.jpg,KZXjw3O
4359.jpg,XnWEM
4360.jpg,6V9bcAI5
4361.jpg,SjYz
4362.jpg,jEekn1As
4363.jpg,geBPaY
4364.jpg,kOaP9
4365.jpg,EpkE0
4366.jpg,8kLXeJV
4367.jpg,IXnkZ
4368.jpg,WQQxCm
4369.jpg,IkFDBYDf
4370.jpg,Zjik
4371.jpg,n4SEsQ
4372.jpg,d3KC
4373.jpg,jZvzMA
4374.jpg,WEeoC
4375.jpg,SNch
4376.jpg,eamO3Nn
4377.jpg,UsZM4XO
4378.jpg,3y3B
4379.jpg,tAnCe4
4380.jpg,gDlQv
4381.jpg,keMU
4382.jpg,ybGL
4383.jpg,bb69
4384.jpg,Xczuk
4385.jpg,TOe4X3
4386.jpg,HsP1FF
4387.jpg,B7Jbv
4388.jpg,1QjreNL
4389.jpg,Adnu6
4390.jpg,8jaODUWs
4391.jpg,qvksgI
4392.jpg,KOsvBwho
4393.jpg,2E0h3s
4394.jpg,PUDN
4395.jpg,nFnI9
4396.jpg,x0jmADc
4397.jpg,Ns2bB1R
4398.jpg,rQUG
4399.jpg,gdTg
4400.jpg,zREbk5n7
4401.jpg,TAChZW7R
4402.jpg,iAqk8tjl
4403.jpg,yEKuy
4404.jpg,XNxwI
4405.jpg,5e23poDk
4406.jpg,i5up5
4407.jpg,64kCRhc
4408.jpg,B56QrYtU
4409.jpg,C75C
4410.jpg,atPB
4411.jpg,KfGh
4412.jpg,dqslmv7x
4413.jpg,zHwHp
4414.jpg,86ADUG8o
4415.jpg,zHoIr
4416.jpg,dOymvrEy
4417.jpg,DY99JtA
4418.jpg,3FbkWYIe
4419.jpg,FqVu
4420.jpg,eT2d0oa
4421.jpg,9je6CXl
4422.jpg,kAJr1jQ
4423.jpg,SLnX
4424.jpg,ojpv5
4425.jpg,bBsr
4426.jpg,aRcZ
4427.jpg,8EOfy
4428.jpg,42CQom
4429.jpg,WujnrOD
4430.jpg,kmCIcsjg
4431.jpg,9lEA
4432.jpg,LFk8iQ
4433.jpg,SmraKu
4434.jpg,Q6weoUgC
4435.jpg,a6Bep
4436.jpg,7wI35
4437.jpg,Sepcq
4438.jpg,mzGwD3nf
4439.jpg,b4d8
4440.jpg,eCYD
4441.jpg,9k6Ztfc
4442.jpg,1e9btQI
4443.jpg,aGwtaEh
4444.jpg,QMXmEZ
4445.jpg,XLjZw223
4446.jpg,Guqv3x
4447.jpg,668ckkF
4448.jpg,2L6Z9d
4449.jpg,7KQKZC
4450.jpg,g33xSWG
4451.jpg,O8TdL
4452.jpg,Igmp3C2
4453.jpg,Frm9MQ
4454.jpg,YCmlOpe
4455.jpg,zcQ4I
4456.jpg,VEaS
4457.jpg,hziueq
4458.jpg,XZQueH9
4459.jpg,dFFzXw08
4460.jpg,stFgTr
4461.jpg,6Hsg4Yk
4462.jpg,SOJvWB
4463.jpg,EJztv
4464.jpg,zsX08ub
4465.jpg,MR7Q2y
4466.jpg,AOfUuW
4467.jpg,WhtD7
4468.jpg,WVMAKXoM
4469.jpg,TpLjri
4470.jpg,eZz8M
4471.jpg,tTzp
4472.jpg,wt8OQlr
4473.jpg,YKCbw
4474.jpg,gj9pWR6L
4475.jpg,C8B21n
4476.jpg,Xbnxe6W
4477.jpg,TXwFdn
4478.jpg,opZGHJzz
4479.jpg,xhWcC
4480.jpg,UXzGyqo
4481.jpg,nXxU2pX
4482.jpg,WGtShFz
4483.jpg,7YCa
4484.jpg,JGhO
4485.jpg,Z4rDy
4486.jpg,raQ6vtx
4487.jpg,mtCxN
4488.jpg,WJHmrgE
4489.jpg,2gfVCi8h
4490.jpg,GYFVfxQ
4491.jpg,w7sXMi
4492.jpg,dFMl8v
4493.jpg,YzWLuX
4494.jpg,UAzLd
4495.jpg,WHGcB4B
4496.jpg,UBCw
4497.jpg,FxhzGw
4498.jpg,mXNuy9rW
4499.jpg,fjp95es
4500.jpg,qrYT33
4501.jpg,ueode0
4502.jpg,grU2
4503.jpg,RiPNiAsK
4504.jpg,QgxY
4505.jpg,m9xnj4
4506.jpg,bfseV
4507.jpg,L4kaRFdL
4508.jpg,y7aVjpk
4509.jpg,MbEab7
4510.jpg,Y9X2
4511.jpg,0rPV
4512.jpg,E584b
4513.jpg,up3X
4514.jpg,qYhk
4515.jpg,SC8JJe
4516.jpg,zztwq
4517.jpg,0r4z
4518.jpg,rHOtg3d
4519.jpg,D7LXxu
4520.jpg,kZCh1
4521.jpg,DssUE
4522.jpg,I7YpJ
4523.jpg,FRDhp25c
4524.jpg,cmtRK
4525.jpg,GlGm
4526.jpg,ysY5k
4527.jpg,0fybmPS3
4528.jpg,r1WKavVc
4529.jpg,W5Xqlt
4530.jpg,FRzBfqRP
4531.jpg,82WwK
4532.jpg,9rDdTT
4533.jpg,9KK1
4534.jpg,ST7S
4535.jpg,ltepQrC
4536.jpg,GO3Egvi
4537.jpg,uhPoAn3
4538.jpg,YGWT
4539.jpg,mpQ8lS
4540.jpg,mvjR9l
4541.jpg,vWfNS
4542.jpg,msLU8v
4543.jpg,cGdhXqb
4544.jpg,eUUi3DeW
4545.jpg,RgUzl2
4546.jpg,drTic4y
4547.jpg,iWXT8Ai5
4548.jpg,4ja0V5mu
4549.jpg,rzmHFUP8
4550.jpg,ic5x
4551.jpg,2gUe
4552.jpg,bsJU1q
4553.jpg,pnep
4554.jpg,f7TFiB
4555.jpg,NQLYZgi
4556.jpg,hVaRQ
4557.jpg,iwNn
4558.jpg,ma9Q
4559.jpg,MpeO
4560.jpg,JMpY4FE9
4561.jpg,7A8EUZL
4562.jpg,3YFm3uR
4563.jpg,1f6fHOV
4564.jpg,6OJI2unj
4565.jpg,NIpSV
4566.jpg,jeCXc
4567.jpg,FDxByIi
4568.jpg,MeQB3Ef
4569.jpg,Otu5
4570.jpg,MeY86W
4571.jpg,FGH6
4572.jpg,m1tBY7c
4573.jpg,qmj9Srb
4574.jpg,wC32vBX
4575.jpg,RQtORS
4576.jpg,gjUGNpb
4577.jpg,NW348f
4578.jpg,KgOXmJzP
4579.jpg,eowG57AY
4580.jpg,0mSP5g6P
4581.jpg,djqVFI
4582.jpg,341Sr
4583.jpg,b2rJ
4584.jpg,DEomB
4585.jpg,GvseTF
4586.jpg,g60B9WKY
4587.jpg,SorbzUC
4588.jpg,tmaeJhX
4589.jpg,5mUCW9u
4590.jpg,jdU6c
4591.jpg,DFbrCp
4592.jpg,9mgPXwE
4593.jpg,9d9rw
4594.jpg,x6UyB2
4595.jpg,xTwdg
4596.jpg,Jmge3be
4597.jpg,IqwuIOiC
4598.jpg,aVmwBNA
4599.jpg,nLGs
4600.jpg,Gbgk85NR
4601.jpg,fvAydCi
4602.jpg,Y8eK
4603.jpg,Qvlf7
4604.jpg,ycQMT4
4605.jpg,aAGO
4606.jpg,5dj22jIA
4607.jpg,Nx3ueLs
4608.jpg,jwCED
4609.jpg,wdyYpi
4610.jpg,whPZd
4611.jpg,nRcCOAZ
4612.jpg,yGpdQ
4613.jpg,3gxsu1Ws
4614.jpg,5BD2XSM
4615.jpg,guZL5
4616.jpg,nZfvBdDm
4617.jpg,dsPyFdl
4618.jpg,e4eynlUc
4619.jpg,f2HvJ7
4620.jpg,wAZDQ
4621.jpg,FXe6s18f
4622.jpg,wW6abf0e
4623.jpg,D0reH
4624.jpg,vPhl77uZ
4625.jpg,T9Lfpj
4626.jpg,ORnAE02
4627.jpg,12riE
4628.jpg,rz4d
4629.jpg,a0mB
4630.jpg,t240JL
4631.jpg,hfIztu
4632.jpg,xVpNwS
4633.jpg,ITcLn
4634.jpg,vaOHN
4635.jpg,pN3Rk5
4636.jpg,oIZ2x5
4637.jpg,0o0J
4638.jpg,lfNMXg
4639.jpg,5hQOh
4640.jpg,seK6Dn
4641.jpg,IJXhPDUa
4642.jpg,Hobf2AE
4643.jpg,sD4IF1N
4644.jpg,diGSV5o
4645.jpg,frgep
4646.jpg,ahN00v
4647.jpg,uc5Lmydt
4648.jpg,47O4K
4649.jpg,rMEIN
4650.jpg,1p2d7Y9p
4651.jpg,goUDZ
4652.jpg,ZQ6vkL
4653.jpg,smkBq
4654.jpg,0wBKiIsh
4655.jpg,8ha1XZ
4656.jpg,smbhHG6p
4657.jpg,QB4a7BD
4658.jpg,BsptQf
4659.jpg,DKYtomXH
4660.jpg,caYiz
4661.jpg,F6t6mWU
4662.jpg,r3DN
4663.jpg,0Erh33wl
4664.jpg,kcENrf
4665.jpg,kqgQa0K
4666.jpg,yjD9
4667.jpg,K728
4668.jpg,g9w6UNkV
4669.jpg,VxjpeXMQ
4670.jpg,UmuRjV
4671.jpg,tkj5
4672.jpg,aJry
4673.jpg,R5KSL
4674.jpg,HUHZRW
4675.jpg,NwtPfI0V
4676.jpg,BjI4BF
4677.jpg,Gs1xX
4678.jpg,05A71kl
4679.jpg,zGxIGH
4680.jpg,ZCpF
4681.jpg,8Brn
4682.jpg,6hRBMexF
4683.jpg,ZPEg0
4684.jpg,1DWU8mhN
4685.jpg,nHsnF
4686.jpg,Dl9o9
4687.jpg,hnRyuPO
4688.jpg,420G
4689.jpg,58Wb55
4690.jpg,3GqChU6
4691.jpg,kAAEf9
4692.jpg,M40le
4693.jpg,DhOy1t
4694.jpg,1fo4L3PU
4695.jpg,8hSQ
4696.jpg,V3MfRkzt
4697.jpg,i9AEyfP
4698.jpg,Un0J8AXc
4699.jpg,OcU8d1e
4700.jpg,S9DwK
4701.jpg,CweOkat
4702.jpg,oFiZOTm
4703.jpg,9Y8SMJqy
4704.jpg,90xNvLc
4705.jpg,ndm02
4706.jpg,By8budP
4707.jpg,cF0z3sh
4708.jpg,Yrpudo
4709.jpg,00F4
4710.jpg,UdFUms
4711.jpg,AHOBx6
4712.jpg,udWwRa
4713.jpg,Md8jIK
4714.jpg,3s7AnWrl
4715.jpg,v1QRMi
4716.jpg,1irqjxp
4717.jpg,7EIXxJn
4718.jpg,Df1aET1X
4719.jpg,45aLN
4720.jpg,vXNtiLn
4721.jpg,cCZH
4722.jpg,SAY7
4723.jpg,l8fddyQc
4724.jpg,skrJWcMU
4725.jpg,dvZi1e
4726.jpg,Lw651NP
4727.jpg,G1YAA
4728.jpg,p5fWr2t5
4729.jpg,w3PPIum
4730.jpg,syW2g
4731.jpg,HojVk
4732.jpg,endC4n
4733.jpg,zSQLO
4734.jpg,VXO5qG
4735.jpg,SmAceW
4736.jpg,2pbkY
4737.jpg,CnEwgS
4738.jpg,rzqv
4739.jpg,dOc6qx80
4740.jpg,Zmib
4741.jpg,IXcD5TY
4742.jpg,pXuub1vW
4743.jpg,RoMPE
4744.jpg,ereeLE
4745.jpg,RrPB
4746.jpg,6Dtlq
4747.jpg,77vFcrfA
4748.jpg,pTz5oP
4749.jpg,IiAvpdF
4750.jpg,tabS
4751.jpg,otBzev1u
4752.jpg,B4nx0E
4753.jpg,0SdZYX
4754.jpg,rMYQ
4755.jpg,fdqL
4756.jpg,bSIZ0rKO
4757.jpg,aX6N
4758.jpg,LZJt
4759.jpg,nK5i
4760.jpg,o9uA1
4761.jpg,lnK2Jz
4762.jpg,cDzW
4763.jpg,Rt6zcm
4764.jpg,twjtA
4765.jpg,XDCKhEK
4766.jpg,5RIAh
4767.jpg,uU890U
4768.jpg,AxBZ
4769.jpg,qeTOHu0z
4770.jpg,dlBY01f
4771.jpg,k6B7
4772.jpg,jwYoj
4773.jpg,wDzB1LXu
4774.jpg,w0oQhGp
4775.jpg,1crMn
4776.jpg,Ad6pqv
4777.jpg,TFhB
4778.jpg,Qsdb
4779.jpg,ZIFq6Wn
4780.jpg,QlWL
4781.jpg,p8W2
4782.jpg,EW1j
4783.jpg,A5NRV
4784.jpg,A8vZe4
4785.jpg,n7iLAn
4786.jpg,kXWj
4787.jpg,9INki
4788.jpg,OGAfKd
4789.jpg,fWek0Om
4790.jpg,oDv1ypE
4791.jpg,qYRyGj5
4792.jpg,vH1QIxBN
4793.jpg,luvi
4794.jpg,sACnr
4795.jpg,SJDG9Oi
4796.jpg,W2bTA5st
4797.jpg,EjCAYLO
4798.jpg,6Q66iAY
4799.jpg,7tmXs1
4800.jpg,G3w3
4801.jpg,ZG5z
4802.jpg,OGFDR7a
4803.jpg,pZw2wy8Z
4804.jpg,rTP8
4805.jpg,S7rGQzi
4806.jpg,3E5KAyDf
4807.jpg,PO4we0U
4808.jpg,7Ncz6f
4809.jpg,s8HP1O
4810.jpg,BNQ16
4811.jpg,r3pDVBy
4812.jpg,jSL5M
4813.jpg,Yzcxz1
4814.jpg,qnEVfW3w
4815.jpg,BPaNDr
4816.jpg,zigAxSHN
4817.jpg,aYAMXhgO
4818.jpg,rJ7lkfaN
4819.jpg,m4EFF
4820.jpg,SdeVO9G
4821.jpg,YaO4d
4822.jpg,v6Ew54nn
4823.jpg,mX2Wzv
4824.jpg,V0og
4825.jpg,Pz3Nzp5n
4826.jpg,LnKzCs
4827.jpg,qu1MRKFN
4828.jpg,qEPO
4829.jpg,bG4pAM5
4830.jpg,uvNDzG6e
4831.jpg,tGPDfns2
4832.jpg,4wQkGDk
4833.jpg,7B3Cp2
4834.jpg,zBrl
4835.jpg,zFjMy7w
4836.jpg,PmuFF
4837.jpg,XL4da
4838.jpg,fXTmp3
4839.jpg,nYvDO
4840.jpg,nNO3c1Fn
4841.jpg,f9wKlMc
4842.jpg,I0mOm
4843.jpg,xBH7rV
4844.jpg,EKDZ
4845.jpg,kojxLCk
4846.jpg,h0YI
4847.jpg,FTOC8
4848.jpg,QZds9sJB
4849.jpg,aD15z0U
4850.jpg,2JWST0G
4851.jpg,ZvSlROsJ
4852.jpg,IACYX
4853.jpg,x9yIxVlY
4854.jpg,ZDs3JRw
4855.jpg,6pZ2
4856.jpg,uriLmMT
4857.jpg,BsEb
4858.jpg,5iF9G
4859.jpg,ywSLeNl
4860.jpg,XKcXKe7
4861.jpg,5Rz7
4862.jpg,HuVRoPRM
4863.jpg,1uU4d4pR
4864.jpg,EwFl2eLB
4865.jpg,nvhn
4866.jpg,racjOVg
4867.jpg,EYUP
4868.jpg,6OevjxRe
4869.jpg,mJS1xwU
4870.jpg,FHQGX2N
4871.jpg,34YjqLp
4872.jpg,0VFrFP
4873.jpg,0jOlkZ
4874.jpg,BSHEafCT
4875.jpg,mVGy
4876.jpg,T4TKSzn
4877.jpg,dWTyZbD
4878.jpg,9Ncx
4879.jpg,gsQUN9
4880.jpg,vWnKwBu
4881.jpg,FeEyPid
4882.jpg,EaYOMn4
4883.jpg,LAVrv
4884.jpg,9Ga5gc
4885.jpg,MmLLZ3U
4886.jpg,vWYIGD
4887.jpg,DeHOp
4888.jpg,yybQ
4889.jpg,WCmASj
4890.jpg,q26Ig1
4891.jpg,eJYlTEgg
4892.jpg,XAsn
4893.jpg,yKLup
4894.jpg,zm57ae
4895.jpg,3CB6
4896.jpg,PSSMaV
4897.jpg,L6Keh
4898.jpg,DhiybY
4899.jpg,AZN02eYV
4900.jpg,dAAgnFVz
4901.jpg,pwBA1adA
4902.jpg,7uCbi
4903.jpg,YtuZrn
4904.jpg,e329
4905.jpg,KGe9V
4906.jpg,IArmNcRq
4907.jpg,3K6l
4908.jpg,pyHyk
4909.jpg,p9h5wk
4910.jpg,gIav
4911.jpg,0pwieMj
4912.jpg,EprUR2
4913.jpg,Nu0FY
4914.jpg,VjG6Nu
4915.jpg,9YbZ
4916.jpg,AXPBnj
4917.jpg,XOC3p
4918.jpg,EcVb
4919.jpg,oVyDOC9
4920.jpg,rBwfLJ50
4921.jpg,7B1YrSM
4922.jpg,P8Y4C
4923.jpg,I3bRdS7
4924.jpg,lPkEZ
4925.jpg,gzM189
4926.jpg,ojZXA
4927.jpg,MDkoG
4928.jpg,82UPk
4929.jpg,FKly
4930.jpg,5VKGcv
4931.jpg,9wEGhPxZ
4932.jpg,EZzvMi
4933.jpg,73Exs6
4934.jpg,P81l9
4935.jpg,yPE6d5
4936.jpg,thWciWs
4937.jpg,fJcYI
4938.jpg,PQq9Cu
4939.jpg,zxVKyC
4940.jpg,obaBP
4941.jpg,Nm6cEJqS
4942.jpg,PZddkp7
4943.jpg,IHZErv88
4944.jpg,fDeC
4945.jpg,oQU9InN
4946.jpg,qSagQY7b
4947.jpg,ao0i0MU
4948.jpg,HNBYiS8
4949.jpg,ihm7siDK
4950.jpg,hTDblfwo
4951.jpg,kAfcCxq
4952.jpg,HMdBq
4953.jpg,gGLQjYA
4954.jpg,MobU4I
4955.jpg,iuKIAUIE
4956.jpg,BmlfKC
4957.jpg,eogtX2
4958.jpg,JpFmey
4959.jpg,IGdJ00
4960.jpg,n3KpT
4961.jpg,eNA4IZ1x
4962.jpg,RIqOg
4963.jpg,0gKk
4964.jpg,mHCk
4965.jpg,n7lYwL
4966.jpg,2hGA
4967.jpg,T98d
4968.jpg,9GVGg1S
4969.jpg,gOcqIZXh
4970.jpg,obTQrkq
4971.jpg,2psdR
4972.jpg,a57ZjO
4973.jpg,D1MtH94j
4974.jpg,g4DCNlA
4975.jpg,b7p0
4976.jpg,N3FdAw
4977.jpg,YvW9
4978.jpg,vURz
4979.jpg,TraTjw8
4980.jpg,sugn4P2
4981.jpg,LKxG3FcW
4982.jpg,7vob
4983.jpg,lSkW
4984.jpg,sL6J
4985.jpg,tgjd
4986.jpg,kwLY
4987.jpg,452n
4988.jpg,Bq5UVl
4989.jpg,Cw65t
4990.jpg,q15ifD
4991.jpg,9a34
4992.jpg,l7dI
4993.jpg,sxgbJa4
4994.jpg,Xl2jQ
4995.jpg,87uq
4996.jpg,Rze6
4997.jpg,W2O8vC
4998.jpg,mhyGg
4999.jpg,XDOAonVq
5000.jpg,WVZV2
5001.jpg,ihTPS
5002.jpg,4chuGD
5003.jpg,0uip
5004.jpg,uTBv
5005.jpg,WBFq9
5006.jpg,MRE3B
5007.jpg,mgfPhRX8
5008.jpg,RiPOWLaj
5009.jpg,9dRF7Y
5010.jpg,H5SytU
5011.jpg,WKszMuiV
5012.jpg,j0Ge
5013.jpg,5kZaK
5014.jpg,xO2AWj
5015.jpg,13Sf
5016.jpg,h0UYz
5017.jpg,1ixP
5018.jpg,g6m3V
5019.jpg,G7IQzRz
5020.jpg,1yvJ6BRW
5021.jpg,hu4Eb8
5022.jpg,WNT0CI
5023.jpg,mRyyA
5024.jpg,cY94uFe
5025.jpg,ifQ2
5026.jpg,ILdB
5027.jpg,v59lA
5028.jpg,gRYglil
5029.jpg,VRBZ
5030.jpg,ACRdXReV
5031.jpg,ggnMw
5032.jpg,bpzI7
5033.jpg,5o2Nh5w
5034.jpg,wQPy6ka2
5035.jpg,7GBp
5036.jpg,EZt8S
5037.jpg,z4te0P9
5038.jpg,7MZItyH
5039.jpg,K0e7C9WD
5040.jpg,hWxnrQ
5041.jpg,kz6c9
5042.jpg,HKga
5043.jpg,1KL5Uwx
5044.jpg,TCnQJ
5045.jpg,UEGFxB5i
5046.jpg,OZ9za6Gf
5047.jpg,DcMGEAf
5048.jpg,udrvxd
5049.jpg,vyvb
5050.jpg,aWlKZbE
5051.jpg,XNLV
5052.jpg,tWYUn
5053.jpg,nR2qsJ
5054.jpg,Hab5k
5055.jpg,AaB4q59
5056.jpg,syVNt
5057.jpg,legf
5058.jpg,8iFL
5059.jpg,deHW1Fu
5060.jpg,Ac8CiY
5061.jpg,Lkz8GV1p
5062.jpg,CWDS8
5063.jpg,q4ZoT4I
5064.jpg,haje62
5065.jpg,jwfwM
5066.jpg,xQVVSI
5067.jpg,h5znHX
5068.jpg,o18Ly
5069.jpg,C5lWOd8i
5070.jpg,MD30ID
5071.jpg,6dxZO
5072.jpg,Gx4MO
5073.jpg,y3dbIjSK
5074.jpg,49CYdBZI
5075.jpg,F0JrIzSm
5076.jpg,IYNWE9d
5077.jpg,ifiO9
5078.jpg,tEdSVb
5079.jpg,zPgcdAc
5080.jpg,2X4aLvht
5081.jpg,Q9PEXcS5
5082.jpg,LbFhzG
5083.jpg,7gHiWCHZ
5084.jpg,XyADXLXn
5085.jpg,esMQ1vy
5086.jpg,1pwEnEMn
5087.jpg,5g1uWG7D
5088.jpg,CRLCWc
5089.jpg,eoebk3k
5090.jpg,UbGgco
5091.jpg,Hb79rf
5092.jpg,ExOyUN
5093.jpg,e6uhyI
5094.jpg,v2m86qG
5095.jpg,1ZZl
5096.jpg,TAPyB2
5097.jpg,mxWXJF
5098.jpg,8gBI8C
5099.jpg,ut7w
5100.jpg,SrME
5101.jpg,Cffl
5102.jpg,4jOSro
5103.jpg,m7LMGu
5104.jpg,XmpAIhy
5105.jpg,tGpS4x6Y
5106.jpg,ZTjR
5107.jpg,iFedc
5108.jpg,ttma2A
5109.jpg,VG4yhRxB
5110.jpg,booJ1M
5111.jpg,tAyVPf
5112.jpg,zEuJz
5113.jpg,UpYAH9
5114.jpg,4m78
5115.jpg,cvfExH
5116.jpg,wMEV2aI
5117.jpg,3pbVS
5118.jpg,DpJPBeuU
5119.jpg,nfg0D4
5120.jpg,WagYDjV
5121.jpg,8MYJu
5122.jpg,197fPGx
5123.jpg,QgXhQ
5124.jpg,9xnTzBZj
5125.jpg,pyNA1
5126.jpg,h4bKGJ8
5127.jpg,tDVAw7
5128.jpg,xZRJn
5129.jpg,2GaT
5130.jpg,6zyJiZP
5131.jpg,82bZS
5132.jpg,ubyPN
5133.jpg,zKeY
5134.jpg,frHsVMa
5135.jpg,o6NFibU
5136.jpg,SOkeL
5137.jpg,MDvuGK
5138.jpg,rh8cX
5139.jpg,xQBYL8j
5140.jpg,IckIZo2
5141.jpg,vsHi
5142.jpg,bQL1A
5143.jpg,THSSzAVS
5144.jpg,efuB
5145.jpg,z3yNpsEc
5146.jpg,hUEa
5147.jpg,UxY8M2
5148.jpg,qKlMcjH
5149.jpg,mfyX
5150.jpg,XDJyUVi
5151.jpg,g2fw
5152.jpg,6qQzjLE
5153.jpg,lMXLcBQK
5154.jpg,p76M
5155.jpg,EYQa
5156.jpg,jXZk4
5157.jpg,V4SG
5158.jpg,alcgxeO
5159.jpg,6bl3kCm
5160.jpg,wTukPnYj
5161.jpg,sUjZ0a
5162.jpg,HrCtk0Mn
5163.jpg,UF3joj
5164.jpg,ypl4
5165.jpg,WPZYT
5166.jpg,oSB4
5167.jpg,LgGOoUd
5168.jpg,zlEjz504
5169.jpg,c9kbDhr
5170.jpg,iiyTQ
5171.jpg,w9xuj
5172.jpg,IHOAe5e
5173.jpg,GhNK
5174.jpg,b4nDb
5175.jpg,EL7gPTT
5176.jpg,BwLCU
5177.jpg,JK0WsbPh
5178.jpg,hU8Qk2
5179.jpg,RPRlUht
5180.jpg,L9oOl
5181.jpg,SKDO
5182.jpg,mQmK
5183.jpg,sIBxvV0
5184.jpg,lNSj
5185.jpg,dVCK
5186.jpg,lemdcU9Q
5187.jpg,Kyt0rM
5188.jpg,C6C3LOo
5189.jpg,Jfk5oFi
5190.jpg,pEuirt0
5191.jpg,D12SorO
5192.jpg,oYwV2N
5193.jpg,dYR8DKr5
5194.jpg,Svsf
5195.jpg,YMx1n
5196.jpg,8lY9r4U
5197.jpg,6ioXel
5198.jpg,OZfFv
5199.jpg,ATNB19s5
5200.jpg,hndp
5201.jpg,bYpZZD4r
5202.jpg,8u4GkPr
5203.jpg,NeJFAs
5204.jpg,mM6WSB
5205.jpg,HEPGKQZ
5206.jpg,uLgetwU
5207.jpg,hLvH7ca
5208.jpg,6oFdoG5
5209.jpg,tK9Aspov
5210.jpg,FE7R
5211.jpg,1CTbpz
5212.jpg,ZAQg9p2s
5213.jpg,2Gide
5214.jpg,eGOXiX
5215.jpg,j7iO
5216.jpg,ol89c
5217.jpg,cMrgHkqU
5218.jpg,VoNR
5219.jpg,ReGo
5220.jpg,rqst2
5221.jpg,yjv4W
5222.jpg,bsr1
5223.jpg,0dvOWlqJ
5224.jpg,0IQ09UY
5225.jpg,p2wqEFml
5226.jpg,Q8KQMzA
5227.jpg,ssog4py
5228.jpg,ayA1nF
5229.jpg,rOun1p5
5230.jpg,5FaY1
5231.jpg,ImOsfRl
5232.jpg,yYeSzMFN
5233.jpg,JzpUPARk
5234.jpg,m6sJNx
5235.jpg,xCxL
5236.jpg,ZyGP
5237.jpg,iqnz39
5238.jpg,DZ8zHiB
5239.jpg,gxHZcV
5240.jpg,W0OL
5241.jpg,h0oJ0QYs
5242.jpg,RVUfW9
5243.jpg,mkPP
5244.jpg,6MOXXZ
5245.jpg,wKoxA
5246.jpg,cojnRL6
5247.jpg,ghfC
5248.jpg,dFhM
5249.jpg,6wqzl
5250.jpg,jXyKQT
5251.jpg,IX3C
5252.jpg,n0Bqo77
5253.jpg,GY9WS
5254.jpg,CLGPHz
5255.jpg,ECHI1zw
5256.jpg,JWj1a
5257.jpg,cAO2PkBn
5258.jpg,NCc25yEF
5259.jpg,Sk3OADkI
5260.jpg,a9c3dl
5261.jpg,RXVI9Kah
5262.jpg,ULMRoeQv
5263.jpg,G5YoyBw
5264.jpg,IOA6ZK7L
5265.jpg,mina5fZT
5266.jpg,LHGm
5267.jpg,Ro9y
5268.jpg,h67I
5269.jpg,KXsMO4gq
5270.jpg,jSQdjU
5271.jpg,lcCMD
5272.jpg,ihF3S
5273.jpg,FPAO
5274.jpg,lVZ1r
5275.jpg,8kgFYyX0
5276.jpg,YxfN
5277.jpg,QXLp
5278.jpg,y3R5c4
5279.jpg,HalHx
5280.jpg,jGDq1
5281.jpg,jht2nKy
5282.jpg,goN5S09
5283.jpg,i6iK
5284.jpg,uDZA
5285.jpg,9slY
5286.jpg,6XTkt
5287.jpg,63gZ
5288.jpg,AkoaAY8q
5289.jpg,Q1gNXvlt
5290.jpg,DpJu
5291.jpg,J7Jxa
5292.jpg,gtVmT9y
5293.jpg,BWLA
5294.jpg,jeKNCFgD
5295.jpg,LYgfy
5296.jpg,WcmV
5297.jpg,swMM
5298.jpg,sng6Dj8X
5299.jpg,QiES05
5300.jpg,bmUzs1j7
5301.jpg,Fw6Z1JeH
5302.jpg,EqeZy
5303.jpg,EOk5
5304.jpg,doPqZ
5305.jpg,GXtFjX8x
5306.jpg,8Y6B
5307.jpg,MxwymkId
5308.jpg,uHVlxQ3w
5309.jpg,QfAwz
5310.jpg,mrfYQGr
5311.jpg,pHLBU
5312.jpg,a0ycDz
5313.jpg,uSjPC
5314.jpg,7s29
5315.jpg,ugrksE
5316.jpg,JOBX
5317.jpg,WdazjabT
5318.jpg,Ywdn9
5319.jpg,b2Xzzp
5320.jpg,kIUsVeO
5321.jpg,73nNETT
5322.jpg,VX40
5323.jpg,NlKf11cG
5324.jpg,WRPtdfX
5325.jpg,BeBcxZ3R
5326.jpg,ffUd4pn
5327.jpg,9bI7qu6U
5328.jpg,QQiAIl
5329.jpg,Uw22
5330.jpg,n58sv4M
5331.jpg,5IpRqk
5332.jpg,rYES
5333.jpg,ZSlO6vql
5334.jpg,qr9e9o3
5335.jpg,I6WmU
5336.jpg,imnFI
5337.jpg,BpOUc
5338.jpg,2md7u
5339.jpg,jJTta5Qg
5340.jpg,hkiPpnE0
5341.jpg,yWepye2
5342.jpg,q5jC9gA
5343.jpg,As4l8
5344.jpg,IQO5
5345.jpg,XVoWPRfd
5346.jpg,XZOLSw
5347.jpg,1cTfcn
5348.jpg,iVDQ
5349.jpg,H0zsq
5350.jpg,Iqtu
5351.jpg,jCnKX
5352.jpg,TSaScW6
5353.jpg,uQcf
5354.jpg,B6lcl7b
5355.jpg,TFar
5356.jpg,RC8Snm
5357.jpg,7oKzef
5358.jpg,ua5zSg3n
5359.jpg,DVnY
5360.jpg,Qi0PR
5361.jpg,aqfCcD
5362.jpg,sq18
5363.jpg,4FRLm
5364.jpg,nEVf
5365.jpg,UVsm2Wlo
5366.jpg,P2cQJ7
5367.jpg,vFNx78
5368.jpg,MpOH4d
5369.jpg,PvYC
5370.jpg,tB3xp1f
5371.jpg,eigMCk9
5372.jpg,J5NBi8Rf
5373.jpg,4p0ut3
5374.jpg,bZJCL
5375.jpg,ULZ8UXT2
5376.jpg,nvbH2
5377.jpg,opNEx
5378.jpg,FGfTea
5379.jpg,l1aqcOFk
5380.jpg,fROJ0yqb
5381.jpg,fgq9CJ
5382.jpg,DhMs
5383.jpg,ItFgnBqU
5384.jpg,Nh3UOhZV
5385.jpg,YqKGJ
5386.jpg,i0w4
5387.jpg,6lymn
5388.jpg,QX0r
5389.jpg,67xXN
5390.jpg,dHYqs4IA
5391.jpg,fkQOiIOA
5392.jpg,rZ87HR
5393.jpg,5ZF5
5394.jpg,vsQ9zuD
5395.jpg,Hva6
5396.jpg,xRv7iOcJ
5397.jpg,HXG4z77
5398.jpg,gsot
5399.jpg,4Ccc
5400.jpg,o112
5401.jpg,Hhbtb
5402.jpg,Bn4g9z
5403.jpg,DNlmjY
5404.jpg,O8nkN1h
5405.jpg,keDOcAA
5406.jpg,pEmG
5407.jpg,0VelQj
5408.jpg,NihEr
5409.jpg,4WJ6Vb
5410.jpg,eEGUeR2u
5411.jpg,Iy4Xmkb4
5412.jpg,uKCqE
5413.jpg,ayZKlF
5414.jpg,I6z4o
5415.jpg,4f8FxfGY
5416.jpg,JoEtXSx
5417.jpg,j2676tR
5418.jpg,8mMK4
5419.jpg,T1P1ZPPV
5420.jpg,kJtVHzkS
5421.jpg,0BrJxyJ
5422.jpg,DprpvI
5423.jpg,BM9AILn
5424.jpg,xH2QG8lR
5425.jpg,BXHc
5426.jpg,AGnK5m5
5427.jpg,e64vs5rN
5428.jpg,28pl5RnV
5429.jpg,KsO4y
5430.jpg,y9nwn
5431.jpg,p8jlZRZ
5432.jpg,pTc3JDc2
5433.jpg,lWqxn3G
5434.jpg,c7QaNL
5435.jpg,rKuyB6
5436.jpg,YcstanQ
5437.jpg,r4UzS6R4
5438.jpg,jOH59smT
5439.jpg,ELiw
5440.jpg,U89Pw
5441.jpg,Oa5SR
5442.jpg,4tRr
5443.jpg,rKpiFb1
5444.jpg,6CZR
5445.jpg,Tujlsj
5446.jpg,LI65LI
5447.jpg,q0JIj
5448.jpg,Bnc0F
5449.jpg,yRedqF
5450.jpg,A4iKmih
5451.jpg,hDM5VRD
5452.jpg,mTRjwqOF
5453.jpg,IEqAs
5454.jpg,qxLcRXyJ
5455.jpg,Lt17w
5456.jpg,9ODyAO
5457.jpg,7eG2SzFl
5458.jpg,xYRmclf6
5459.jpg,av9C3
5460.jpg,QFmCx34
5461.jpg,jDJNI
5462.jpg,7QUJorhM
5463.jpg,2ESE
5464.jpg,f18YCA
5465.jpg,ZmfLW6
5466.jpg,0mFrjte
5467.jpg,nmiPGD9S
5468.jpg,2OrK
5469.jpg,UQzaEm9
5470.jpg,P6xi
5471.jpg,rt1XKm
5472.jpg,aXkDcb
5473.jpg,8E0FJ9gx
5474.jpg,2SFMGN3
5475.jpg,QQTp
5476.jpg,zczJ
5477.jpg,gGkuy
5478.jpg,a8CUW6YP
5479.jpg,qgcBNW
5480.jpg,QTS1u
5481.jpg,9h6X
5482.jpg,moPQWI5
5483.jpg,eFG5ESO
5484.jpg,WxYj
5485.jpg,LHw6A
5486.jpg,MSfmok5W
5487.jpg,mahvPZnh
5488.jpg,GwAQ
5489.jpg,q5y30
5490.jpg,tBMX
5491.jpg,XBcNO
5492.jpg,juNPdo2
5493.jpg,fvQ4x
5494.jpg,C9ySMf3h
5495.jpg,PYyW
5496.jpg,48RHZ
5497.jpg,uVU3JuD
5498.jpg,SvOmZ
5499.jpg,1pJQpJx
5500.jpg,duBWFPP
5501.jpg,oo9DoO
5502.jpg,nmdhG0
5503.jpg,4Gqz
5504.jpg,61re5j
5505.jpg,q2w3qGWv
5506.jpg,JSBUw7an
5507.jpg,dgj2uqk
5508.jpg,4BiAQ1c
5509.jpg,NhWCt5Tz
5510.jpg,2UtyruEx
5511.jpg,eEo3
5512.jpg,xYVWD
5513.jpg,cOb6SMHR
5514.jpg,M0kw
5515.jpg,vJ0p
5516.jpg,fra8B
5517.jpg,loTqX
5518.jpg,m7lc1
5519.jpg,HmVgM
5520.jpg,uvtZ
5521.jpg,Hb4zUN
5522.jpg,0AuUBIS5
5523.jpg,H3M3
5524.jpg,eYIBdK
5525.jpg,1rfNh
5526.jpg,WE12I
5527.jpg,SKQT
5528.jpg,zIAW4sXH
5529.jpg,yCNIia4
5530.jpg,MZozmaN
5531.jpg,JQBY9s
5532.jpg,QPPm
5533.jpg,haq8b
5534.jpg,zusWa
5535.jpg,pAvd
5536.jpg,qUqx
5537.jpg,W3Ww
5538.jpg,ZKPs
5539.jpg,zfvP
5540.jpg,0JkJ494D
5541.jpg,wThBbxCi
5542.jpg,BFF6t
5543.jpg,Tx4Vccw
5544.jpg,palg
5545.jpg,iEm6HP
5546.jpg,caNIN
5547.jpg,MvCG
5548.jpg,msucJzK
5549.jpg,iqC2
5550.jpg,7Y47WMF
5551.jpg,la3k93HY
5552.jpg,MAK19Q5
5553.jpg,hoXnl7c
5554.jpg,PvcFE
5555.jpg,6dysQTP
5556.jpg,0y4ciQ
5557.jpg,sXH8
5558.jpg,qDYTCHu
5559.jpg,WQQCoxP
5560.jpg,0U76r0V
5561.jpg,8IVBj5
5562.jpg,wxsKhUW
5563.jpg,4lI9KVN
5564.jpg,KQB8T
5565.jpg,Ll5OvHFG
5566.jpg,T1kfhI6
5567.jpg,uCuKFi
5568.jpg,leT911U
5569.jpg,sWSnisS6
5570.jpg,VEFME
5571.jpg,fIL7Woy
5572.jpg,HWOOHf
5573.jpg,JcYR4
5574.jpg,x94ayU
5575.jpg,1NmdHPV
5576.jpg,p5yUfO5I
5577.jpg,XZSCU
5578.jpg,qQw1Y8i
5579.jpg,jfsJJR
5580.jpg,TBul3E6b
5581.jpg,SNX5b
5582.jpg,BySBf
5583.jpg,eURw
5584.jpg,3qQ5
5585.jpg,1CjRRy
5586.jpg,2AWb
5587.jpg,SmR3TOoI
5588.jpg,8fyrMTZp
5589.jpg,E9TrisG
5590.jpg,T4W3H
5591.jpg,obOi8H
5592.jpg,E3d1
5593.jpg,6lUgH
5594.jpg,hZycEGQ
5595.jpg,uGQ0r
5596.jpg,ZPW9k
5597.jpg,fdTC1i
5598.jpg,iQbh6f
5599.jpg,XhivYG
5600.jpg,mXEC
5601.jpg,ofT1TEK
5602.jpg,TMDu
5603.jpg,gymo0Km
5604.jpg,ut2I
5605.jpg,bcbKW
5606.jpg,aX3OwMM5
5607.jpg,j6ZX
5608.jpg,TQDig
5609.jpg,5sO43WV
5610.jpg,f9TW
5611.jpg,BUTICe
5612.jpg,cv1yAIId
5613.jpg,mt12
5614.jpg,U7Ip5z
5615.jpg,epWPx
5616.jpg,0PuI
5617.jpg,eRBLk
5618.jpg,DA2Q
5619.jpg,t895z
5620.jpg,me6vA1
5621.jpg,WvDx
5622.jpg,E6OInet
5623.jpg,6iVJax8
5624.jpg,a4hR3Rsk
5625.jpg,uK23HAOp
5626.jpg,16tB8
5627.jpg,19kGw7Z
5628.jpg,YE1jvtL
5629.jpg,3JrDFec
5630.jpg,HAl5D
5631.jpg,660xrFh
5632.jpg,3Naz4R6F
5633.jpg,lGKMGN8
5634.jpg,583J2O
5635.jpg,czU6Hxp
5636.jpg,vqK3M
5637.jpg,5TNi
5638.jpg,RAcZlHE
5639.jpg,NVRUZ
5640.jpg,SKGjAl
5641.jpg,sUZw
5642.jpg,VIrXlg1
5643.jpg,kD7wovC
5644.jpg,Wj83
5645.jpg,mU6nqQhn
5646.jpg,kg4n5I
5647.jpg,43eJj8
5648.jpg,DEsZG3p
5649.jpg,EDI1tFs
5650.jpg,qETB3kE
5651.jpg,7wVr7
5652.jpg,iqVHzI
5653.jpg,JnRcq6P
5654.jpg,KVc6n
5655.jpg,vJ45BeTD
5656.jpg,Vnvl5
5657.jpg,bbqFs1
5658.jpg,OBq6
5659.jpg,Vu8l6g8
5660.jpg,brxOo
5661.jpg,eTca
5662.jpg,hpGpYJ9N
5663.jpg,yXwjKkDJ
5664.jpg,j6F4Ol2
5665.jpg,oLwy
5666.jpg,JSW1dmiN
5667.jpg,USlb
5668.jpg,Aw9VXAO
5669.jpg,j5sC
5670.jpg,vVuikO
5671.jpg,5Cfq7
5672.jpg,C5XTH
5673.jpg,ozRXnC
5674.jpg,sqai
5675.jpg,9dssTuA
5676.jpg,AKT7W
5677.jpg,pwJUh
5678.jpg,6pM7FU
5679.jpg,bBuE8T
5680.jpg,WTRUCvqZ
5681.jpg,ZefI
5682.jpg,fgxMz
5683.jpg,VuWdUW25
5684.jpg,ajscm
5685.jpg,VmYPw
5686.jpg,Cjzh
5687.jpg,KQjMZjb8
5688.jpg,NgHb7L
5689.jpg,gddxinXS
5690.jpg,K2fMq
5691.jpg,K7zk314r
5692.jpg,GnwKIQ
5693.jpg,eDyVc
5694.jpg,c1yqm
5695.jpg,lFy89
5696.jpg,a2I2e
5697.jpg,zqwpRp5
5698.jpg,XpM7FT
5699.jpg,dNkIy
5700.jpg,Qj403
5701.jpg,aPq1JUs
5702.jpg,GwYgJ
5703.jpg,uzCa
5704.jpg,orsy
5705.jpg,wdBS
5706.jpg,puvn
5707.jpg,xUDm
5708.jpg,viArLAZ
5709.jpg,ymNFg
5710.jpg,KkNK
5711.jpg,Uh3Mmfbc
5712.jpg,PrfG
5713.jpg,o1sFS6pE
5714.jpg,GSpCrL
5715.jpg,PuUv6y
5716.jpg,vngNtHLp
5717.jpg,HH0tPxb
5718.jpg,16KQKp
5719.jpg,wSDA
5720.jpg,D46FCD
5721.jpg,12sa
5722.jpg,KtCiu
5723.jpg,bMN3s5
5724.jpg,mq1Lgs
5725.jpg,b763
5726.jpg,sNia1p
5727.jpg,H0iPL
5728.jpg,G8VUVGq8
5729.jpg,9V5Zp8Ov
5730.jpg,LJY4mlF
5731.jpg,qRSxC86
5732.jpg,TmJSt
5733.jpg,uF6zb
5734.jpg,iFyRo9R
5735.jpg,V4JK97F
5736.jpg,iwj2
5737.jpg,Swla3
5738.jpg,d0CPxbW
5739.jpg,bY9TG5X
5740.jpg,goue
5741.jpg,l620vOyT
5742.jpg,tM8XPK
5743.jpg,noC6md
5744.jpg,5nEjQq
5745.jpg,uZwWF
5746.jpg,q4pBes
5747.jpg,n6wn5
5748.jpg,cFd58xxI
5749.jpg,tYUz
5750.jpg,H7jXN2Kv
5751.jpg,x5BB4
5752.jpg,04vP7
5753.jpg,EJkqW4u3
5754.jpg,7Vsgzi
5755.jpg,zHDqdla
5756.jpg,KIYInj42
5757.jpg,wU5OKVI
5758.jpg,ZOnA
5759.jpg,S5Nm
5760.jpg,YAjs
5761.jpg,Xt07
5762.jpg,7cCp
5763.jpg,pLBs8
5764.jpg,0oBvr
5765.jpg,NiSGv
5766.jpg,ntHXP
5767.jpg,8polsU
5768.jpg,fYWqt
5769.jpg,9Vm0k
5770.jpg,OHmxW
5771.jpg,focFn
5772.jpg,tCha7
5773.jpg,owFFMR
5774.jpg,pTX1
5775.jpg,pQNU3
5776.jpg,yFkuSEz
5777.jpg,42dAzai
5778.jpg,r5rxsp
5779.jpg,UbsUEfyG
5780.jpg,fP43DOv
5781.jpg,yS4BM
5782.jpg,bP5TC
5783.jpg,W0MjII
5784.jpg,NMDzTA0
5785.jpg,zsXY0B34
5786.jpg,rBiyxO
5787.jpg,9rUEy
5788.jpg,MIiqrr
5789.jpg,PTPoon0b
5790.jpg,oNFUe
5791.jpg,RGYNROv5
5792.jpg,cQ9UtA
5793.jpg,fCHJap3x
5794.jpg,tfuLNwn6
5795.jpg,c3N0gFe
5796.jpg,00RJ1Y
5797.jpg,0POnD7
5798.jpg,9kyaN
5799.jpg,rJDoW5Q
5800.jpg,HedSlIj2
5801.jpg,R4kZm
5802.jpg,9lIK5
5803.jpg,aOnEi
5804.jpg,uqfOoa
5805.jpg,JlQTV2s
5806.jpg,uDi8J
5807.jpg,AhbZlmR
5808.jpg,0izg
5809.jpg,pEbDfO
5810.jpg,fcaU
5811.jpg,ZLND81
5812.jpg,ltRq
5813.jpg,4qEa
5814.jpg,v9DIs
5815.jpg,WsFGOnY
5816.jpg,2DRnI
5817.jpg,rIIYCHe
5818.jpg,FAkOB
5819.jpg,o4VlLyR
5820.jpg,HPwnRT3
5821.jpg,zQy1ohi
5822.jpg,uVgG95
5823.jpg,x2jUUas
5824.jpg,xQVO
5825.jpg,HiF2Z
5826.jpg,VlsdszD
5827.jpg,7qpsI
5828.jpg,74T4Dwc
5829.jpg,Wie5jiL
5830.jpg,zWnc9qnD
5831.jpg,aX4fu
5832.jpg,6u3P
5833.jpg,6hQ5m1bJ
5834.jpg,ZqZoSW
5835.jpg,mrBfcXQC
5836.jpg,iue6dd4u
5837.jpg,u7Qq7yE
5838.jpg,94sIaOPT
5839.jpg,7lFcqUca
5840.jpg,Ak3RAQPQ
5841.jpg,iW2CB3Wz
5842.jpg,4ravNI
5843.jpg,IPcnKMJj
5844.jpg,G0ZRRF6
5845.jpg,h2yfFq
5846.jpg,e9YHKU
5847.jpg,hc9Cs
5848.jpg,mWru3Rg5
5849.jpg,QNjSMo
5850.jpg,YUzivWn
5851.jpg,CkGTEJ
5852.jpg,FAJD93
5853.jpg,oxzU7W3I
5854.jpg,nmazK
5855.jpg,VAK8
5856.jpg,sPDXyM3
5857.jpg,QJVUZN
5858.jpg,Z0b6kw4
5859.jpg,kqJmFhFO
5860.jpg,24wjAt6
5861.jpg,wWZCMhU
